{"current":{"theme_color_default":"#78b144","theme_color_primary":"#3ba66b","color_body":"#ffffff","heading_text":"#222222","second_heading_text":"#909090","sub_heading_text":"#666666","color_body_text":"#666666","color_menu":"#444444","color_menu_sticky":"#000000","color_sub_menu":"#666666","color_title_megamenu":"#78b144","color_borders":"#e3e0d3","color_button":"#78b144","color_button_hover":"#3ba66b","color_button_text":"#ffffff","type_header_family":"playfair_display_n4","type_base_family":"roboto_n4","type_base_size":13,"share_facebook":true,"share_twitter":true,"share_pinterest":true,"social_twitter_link":"","social_facebook_link":"https:\/\/facebook.com\/vinovatheme","social_pinterest_link":"https:\/\/pinterest.com\/vinovatheme","social_instagram_link":"https:\/\/instagram.com\/vinovatheme","social_dribbble_link":"","social_google_link":"","social_linkedin_link":"#","social_tumblr_link":"","social_snapchat_link":"","social_youtube_link":"","social_vimeo_link":"","type_sidebar_blog":"sidebar_left","type_sidebar_article":"sidebar_left","type_sidebar":"sidebar_left","type_sidebar_product":"tab_desc","show_newsletter_popup":true,"title_newsletter":"Newsletter","desc_newsletter":"Sign up for newsletter to receive special offers and exclusive news about FreshMart products","button_newsletter":"Subscribe","notify_newsletter":"Don’t show this popup again","bg_newsletter":"shopify:\/\/shop_images\/bg-subscribe.png","enable_rtl":false,"show_multiple_currencies":true,"title_currency":"","supported_currencies":"USD, USD | EUR, EUR | GBP, GBP","breadcrumbs_enable":true,"background_image":"shopify:\/\/shop_images\/breacrumb_c5e285e3-31f2-48ad-a81b-7011a0c531b5.jpg","image_overlay_opacity":0,"color_text_head":"#ffffff","title_alignment":"justify-content-center","distance_top":"120px","distance_bottom":"90px","time_newproduct":3,"b_pro":true,"b_pro_color":"#e3e0d3","br_pi":10,"color_product_item":"rgba(0,0,0,0)","color_product_name":"#444444","color_price":"#78b144","color_reduced_price":"#c4c4c4","color_badge_new":"#8ac21e","color_badge_sale":"#ff6868","color_product_icon":"#ffffff","bg_pi":"#c1d6ae","show_rating":true,"quickview_enable":true,"wishlist_enable":true,"payment_button_enable":true,"tooltip_enable":true,"countdown":"shopify:\/\/shop_images\/bg_countdown_ea44d092-1769-43a7-82c2-2899b1a8c055.png","freeshipping_enable":true,"free_shipping":"100","mini_cart_type":"canvas","collec_1_name":"Vegetables","collec_1":"shopify:\/\/collections\/vegetables","collec_2_name":"Fruits","collec_2":"shopify:\/\/collections\/fruits","collec_3_name":"Juices","collec_3":"shopify:\/\/collections\/juices","account_type":"canvas","img_canvas_account":"shopify:\/\/shop_images\/logo_freshmart_d19d2869-5ebd-4b8d-a95d-0c63b4e0f8ab.png","img_canvas_account_link":"#","favicon":"shopify:\/\/shop_images\/favicon.png","checkout_header_image":"","checkout_logo_image":"shopify:\/\/shop_images\/logo.png","checkout_logo_position":"left","checkout_logo_size":"large","checkout_body_background_image":"","checkout_body_background_color":"#ffffff","checkout_input_background_color_mode":"white","checkout_sidebar_background_image":"","checkout_sidebar_background_color":"#e8f3f6","checkout_heading_font":"Roboto","checkout_body_font":"Source Sans Pro","checkout_accent_color":"#1990c6","checkout_button_color":"#23314e","checkout_error_color":"#ff6d6d","cart_notes_enable":true,"cart_vendor_enable":false,"ajax_cart_method":"pop_up","full_width":false,"show_key_trend":false,"key_trend_1":"Bread","link_1":"shopify:\/\/collections\/bread","key_trend_2":"Tea","link_2":"shopify:\/\/collections\/tea","key_trend_3":"Juices","link_3":"shopify:\/\/collections\/juices","key_trend_4":"Vegetables","link_4":"shopify:\/\/collections\/vegetables","key_trend_5":"","key_trend_6":"","icon_cart":"shopify:\/\/shop_images\/icon-cart.png","img_size":"425x","img_size_large":"260x","size_women":"shopify:\/\/shop_images\/women.png","size_men":"shopify:\/\/shop_images\/men.png","size_text_head":"32px","color_text_head_hover":"#f08068","type_header_base_size":24,"vendor_enable":false,"color_product_addtocart":"#222222","color_text":"#909090","theme_color_success":"#046b41","theme_color_hover":"#fc8f2f","color_input":"#cccbcb","color_default":"#000000","sub_heading_menu":"#222222","color_body_bg":"#ffffff","mobile_mainmenu_type":"canvas","color_sale_text":"#000000","heading_hover":"#fd6666","color_small_button":"#878787","color_small_button_text":"#ffffff","color_text_field":"#fff","color_text_field_text":"#000000","color_icon_font":"#383838","color_image_overlay_text":"#fff","color_image_overlay":"#3d4246","menu_link":"#444444","show_multiple_language":false,"title_language":"Language:","color_bg_product":"#f5f5f5","social_twitter_image":"shopify:\/\/shop_images\/tw_40x_bdf1b78a-35a0-4799-916c-f1d53e9e92b8.png","social_facebook_image":"shopify:\/\/shop_images\/facebook.png","social_dribbble_image":"shopify:\/\/shop_images\/dribbble_40x_b118f5e7-4fc5-4827-9b2a-eeabd2a86eb1.png","social_pinterest_image":"","social_instagram_image":"shopify:\/\/shop_images\/instagram.png","social_tumblr_image":"","social_snapchat_image":"","social_youtube_image":"","social_vimeo_image":"","enable_iconmenumain":false,"icon_menumain_1":"","icon_menumain_2":"","icon_menumain_3":"","icon_menumain_4":"","icon_menumain_5":"","icon_menumain_6":"","icon_menumain_7":"","icon_menumain_8":"","icon_menumain_9":"","icon_menumain_10":"","sections":{"collection-template":{"type":"collection-template","settings":{"products_per_page":12,"sort_enable":true,"show_tags":false}},"nov-sidebar-article":{"type":"nov-sidebar-article","blocks":{"1522144034842":{"type":"block_categories","settings":{"sidebar_categories_title":"Categories","sidebar_categories_class":"","sidebar_categories_menu":"categories"}},"1522144043288":{"type":"block_recentpost","settings":{"block_title":"Recent post","block_class":"","number_show":4,"show_date":true,"show_comment":false,"show_author":false,"show_excerpt":false,"show_more":false}},"1522144057088":{"type":"block_blogtags","settings":{"block_title":"Blog Tags","block_class":"","number_show":10}}},"block_order":["1522144034842","1522144043288","1522144057088"],"settings":{}},"blog-template":{"type":"blog-template","settings":{"layout":"grid","blog_show_author":true,"blog_show_date":true,"blog_show_comment":true,"page_show_list":5,"page_show_column":4,"page_show_grid":3}},"nov-sidebar-detail":{"type":"nov-sidebar-detail","blocks":{"1522994949788":{"type":"block_categories","settings":{"sidebar_categories_title":"Categories","sidebar_categories_class":"","sidebar_categories_menu":""}},"1522994844112":{"type":"block_productlist","settings":{"sidebar_productlist_title":"Best sellers","sidebar_productlist_class":"","sidebar_collection":"","number_show":3}},"1522994963120":{"type":"block_producttags","settings":{"block_title":"Product Tags","block_class":"","number_show":20}}},"block_order":["1522994949788","1522994844112","1522994963120"],"settings":{}},"nov-product-template":{"type":"nov-product-template","blocks":{"1600059348586":{"type":"block_text","settings":{"custom_title":"Delivery policy","custom_content":"<p><strong>Lorem ipsum dolor sit amet<\/strong><\/p>\n<p><br><\/p>\n<p>Vivamus a placerat dolor. Proin ut vehicula mauris. Etiam sagittis augue ipsum. Aliquam vestibulum massa nulla, ullamcorper aliquam diam feugiat vel. Fusce porttitor ultrices ante, posuere vehicula lacus tempor eu. Sed et purus et massa mattis aliquet ac vel dolor. Pellentesque eros lectus, placerat nec finibus ac, lobortis eu risus.<\/p>\n<p><\/p>\n<p>Donec fringilla metus ligula, sit amet fermentum ex laoreet non<\/p>\n<p><br><\/p>\n<p>- Ribbed and double stitched collar and armholes<\/p>\n<p>- High-density fabric for vivid print clarity<\/p>\n<p>- Machine-wash safeSingle right rear button flap pocket<\/p>\n<p>- Products are proudly printed in the United States<\/p>\n<p><br><\/p>\n<p>Curabitur egestas suscipit odio. Nam vitae aliquam dui<\/p>\n<p><\/p>\n<p>in laoreet elit. In posuere augue id velit placerat, vitae porttitor leo aliquet. Aenean non ligula sed lorem eleifend aliquam. Morbi posuere faucibus viverra. Proin ullamcorper, lorem lacinia cursus finibus.<\/p>"}},"1600059475832":{"type":"block_text","settings":{"custom_title":"Returns & Exchanges Policy","custom_content":"<p><em><strong>Nullam at mi accumsan, fermentum turpis at, hendrerit tortor<\/strong><\/em><\/p>\n<p><br><\/p>\n<p>Vivamus commodo magna rutrum ipsum convallis luctus. Maecenas sollicitudin tincidunt sem at consectetur. Sed ligula elit, sodales feugiat porttitor non, commodo in ipsum. Donec vehicula orci et pharetra laoreet. Donec feugiat, nibh ac ornare hendrerit, dui augue semper felis, a finibus dui felis quis magna. Curabitur a ligula purus. Suspendisse vestibulum lorem non tellus aliquet blandit.<\/p>\n<p>Proin cursus sollicitudin scelerisque. Donec ultrices elit quis magna lobortis porttitor. Quisque et consectetur mauris. Sed facilisis malesuada ante eget blandit. Class aptent taciti sociosqu ad litora torquent per conubia nostra, per inceptos himenaeos. Pellentesque rutrum mattis ex ac sagittis. Nulla convallis euismod ipsum, a mollis sapien fringilla eget. Nam dignissim ornare nisi, in bibendum nibh auctor id.<\/p>\n<p>Quisque dictum justo id velit dapibus, id mollis diam tincidunt. Donec luctus tincidunt ultrices. Sed condimentum ante accumsan, sagittis lorem quis, dictum enim. Nam et facilisis odio. Ut iaculis dui non interdum accumsan. Lorem ipsum dolor sit amet, consectetur adipiscing elit. Fusce lacus sem, molestie non convallis nec, tristique a lacus. Proin eget lacus semper dui imperdiet accumsan. Morbi sagittis erat ac justo congue, a ornare tortor mollis. Aenean eu vulputate diam. Praesent suscipit ex non elit finibus ultricies.<\/p>"}}},"block_order":["1600059348586","1600059475832"],"settings":{"show_notes":true,"show_quantity_selector":true,"product_swatch_enable":true,"show_share":true,"show_vendor":false,"show_sku":true,"show_categories":true,"show_tags":true,"show_available":false,"show_des":true,"enable_zoom":true,"show_related":true,"show_description":true,"show_review":true,"show_payments":true,"title_payments":"Guaranteed safe checkout:","size_title":"10px","color_title_payments":"#222222","payments":"shopify:\/\/shop_images\/payment.png","time":"Orders ship within 5 to 10 business days.","size_time":"12px","color_time":"#494949","truck":"<strong>Hoorey<\/strong> ! This item ships free to the US","size_truck":"12px","color_truck":"#494949","background_color":""}},"list-collections-template":{"type":"list-collections-template","blocks":{"1523246702524":{"type":"collection","settings":{"collection":""}},"1523246716784":{"type":"collection","settings":{"collection":""}}},"block_order":["1523246702524","1523246716784"],"settings":{"display_type":"all","sort":"alphabetical","grid":"4"}},"cart-template":{"type":"cart-template","settings":{"cart_notes_enable":true}},"nov-page404":{"type":"nov-page404","settings":{"title":"Page Not found","subheading":"We’re sorry — something has gone wrong on our end.","desc":"If difficulties persist, please contact the System Administrator of this site and report the error below..","background_color":"#00426f","image":"shopify:\/\/shop_images\/404-1.png"}},"nov-map":{"type":"nov-map","settings":{"iframe_map":"https:\/\/www.google.com\/maps\/embed?pb=!1m18!1m12!1m3!1d4082.7742465747338!2d-79.38287617561478!3d43.64905556573276!2m3!1f0!2f0!3f0!3m2!1i1024!2i768!4f13.1!3m3!1m2!1s0x882b34d2a57d767f%3A0x935ab2eb9fd5fb31!2sFirst%20Canadian%20Place!5e0!3m2!1svi!2s!4v1591603052999!5m2!1svi!2s","has_fullwidth":false,"class":"","distance_top":"30px","distance_bottom":"30px"}},"nov-slideshow":{"type":"nov-slideshow","blocks":{"1528274241275":{"type":"image","settings":{"image":"shopify:\/\/shop_images\/no-text-1.jpg","mbimg":0,"cap_animate_img":"bounce","caption_1":"Exotic Vegetables","color_cap1":"#ffffff","fw1":"800","fs1":"italic","let1":0,"line_height1":"1","mb1":25,"cap_animate_1":"fadeInLeft","caption_2":"Treat yourself to dishes made up of exotic vegetables and cherish the eccentric taste of these veggies","color_cap2":"#ffffff","fw2":"600","fs2":"italic","let2":0,"line_height2":"1.5","mb2":0,"cap_animate_2":"fadeInUp","caption_3":"","color_cap3":"#000000","fz_cap3_xxl":0,"fz_cap3_xl":0,"fz_cap3_lg":0,"fz_cap3_md":0,"fz_cap3_sm":0,"fz_cap3_xs":0,"fw3":"400","fs3":"normal","let3":0,"line_height3":"1.5","mb3":0,"cap_animate_3":"bounce","caption_btn":"","slider_link":"#","text_align":"left","width_position_xxl":40,"width_position_xl":40,"width_position_lg":50,"width_position_md":60,"width_position_sm":70,"width_position_xs":95,"left_position_xxl":5,"left_position_xl":5,"left_position_lg":5,"left_position_md":5,"left_position_sm":2,"left_position_xs":2,"top_position_xxl":35,"top_position_xl":35,"top_position_lg":35,"top_position_md":20,"top_position_sm":20,"top_position_xs":25}},"1528433230156":{"type":"image","settings":{"image":"shopify:\/\/shop_images\/2.jpg","mbimg":0,"cap_animate_img":"bounce","caption_1":"APricot Peach","color_cap1":"#ffffff","fw1":"900","fs1":"italic","let1":0,"line_height1":"1.5","mb1":25,"cap_animate_1":"fadeInLeft","caption_2":"Lorem ipsum dolor sit amet, consectetur adipiscing elit, sed do eiusmod tempor incididunt ut labore et dolore magna aliqua. Ut enim ad minim veniam","color_cap2":"#ffffff","fw2":"600","fs2":"italic","let2":0,"line_height2":"1.5","mb2":0,"cap_animate_2":"fadeInRight","caption_3":"","color_cap3":"#000000","fz_cap3_xxl":0,"fz_cap3_xl":0,"fz_cap3_lg":0,"fz_cap3_md":0,"fz_cap3_sm":0,"fz_cap3_xs":0,"fw3":"400","fs3":"normal","let3":0,"line_height3":"1.5","mb3":0,"cap_animate_3":"bounce","caption_btn":"","slider_link":"#","text_align":"left","width_position_xxl":39,"width_position_xl":40,"width_position_lg":50,"width_position_md":60,"width_position_sm":70,"width_position_xs":85,"left_position_xxl":5,"left_position_xl":5,"left_position_lg":5,"left_position_md":5,"left_position_sm":5,"left_position_xs":2,"top_position_xxl":30,"top_position_xl":30,"top_position_lg":30,"top_position_md":30,"top_position_sm":20,"top_position_xs":20}},"1528433236151":{"type":"image","settings":{"image":"shopify:\/\/shop_images\/3.jpg","mbimg":0,"cap_animate_img":"bounce","caption_1":"POWERHOUSE VEGETABLES","color_cap1":"#ffffff","fw1":"900","fs1":"normal","let1":0,"line_height1":"1","mb1":5,"cap_animate_1":"fadeInDown","caption_2":"You Should Be Eating","color_cap2":"#ffffff","fw2":"900","fs2":"italic","let2":0,"line_height2":"1.5","mb2":10,"cap_animate_2":"zoomIn","caption_3":"Lorem ipsum dolor sit amet, consectetur adipiscing elit","color_cap3":"#ffffff","fw3":"600","fs3":"italic","let3":0,"line_height3":"1.5","mb3":0,"cap_animate_3":"fadeIn","caption_btn":"","slider_link":"#","text_align":"left","width_position_xxl":50,"width_position_xl":50,"width_position_lg":50,"width_position_md":80,"width_position_sm":80,"width_position_xs":100,"left_position_xxl":5,"left_position_xl":5,"left_position_lg":5,"left_position_md":5,"left_position_sm":5,"left_position_xs":2,"top_position_xxl":35,"top_position_xl":35,"top_position_lg":35,"top_position_md":30,"top_position_sm":30,"top_position_xs":25}}},"block_order":["1528274241275","1528433230156","1528433236151"],"settings":{"autoplay":false,"autoplay_speed":"4000","arrows":false,"dots":true,"has_fullwidth":false,"class":"","distance_top":"0","distance_bottom":"15px"}},"nov-gallery-image":{"type":"nov-gallery-image","blocks":{"1529143775247":{"type":"image","settings":{"image":"shopify:\/\/shop_images\/1.png","cta_label":"","cta_label2":"","btn_label":"","link":"#","class":""}},"8d813371-ba82-44eb-ba07-e59e9b6eb830":{"type":"image","settings":{"image":"shopify:\/\/shop_images\/2.png","cta_label":"","cta_label2":"","btn_label":"","link":"#","class":""}},"bf4e2ca7-0ac0-44c0-a592-74f4a8fada1b":{"type":"image","settings":{"image":"shopify:\/\/shop_images\/3.png","cta_label":"","cta_label2":"","btn_label":"","link":"#","class":""}}},"block_order":["1529143775247","8d813371-ba82-44eb-ba07-e59e9b6eb830","bf4e2ca7-0ac0-44c0-a592-74f4a8fada1b"],"settings":{"title":"","t_color":"","subheading":"","st_color":"","title_alignment":"text-left","bd_radius":0,"spacing":"15","style_img_1":false,"style_img_2":true,"background_color":"","has_fullwidth":false,"class_section":"","distance_top":"0","distance_bottom":"65px"}},"nov-blog":{"type":"nov-blog","settings":{"subheading":"","blog":"news","grid_number":1,"limit":8,"spacing":5,"show_image":true,"blog_show_comments":false,"blog_show_author":false,"blog_show_date":true,"blog_show_excerpt":false,"show_view_all":false,"show_dots":true,"show_nav":false,"has_fullwidth":true,"background_color":"","background_image":"","class":"","distance_top":"0","distance_bottom":"80px"}},"nov-testimonials":{"type":"nov-testimonials","blocks":{"1528359746051":{"type":"quote","settings":{"avatar":"shopify:\/\/shop_images\/img-testimo3_c21dfe5c-9aa9-4186-adb6-c91dc4cfb1d9.png","star":5,"quote":"<p>“Proin gravida nibh vel velit auctor aliquet. Aenean solli cudin lorem quis bibendum auctor nisi elit vel aerean<br\/>proin gravida<\/p>","name":"WILLIAM JAMES","info_other":"Hairstyle"}},"1528359357351":{"type":"quote","settings":{"avatar":"shopify:\/\/shop_images\/img-testimo2_e44ba125-97f2-4348-9902-aefc7de20a02.png","star":5,"quote":"<p>“Proin gravida nibh vel velit auctor aliquet. Aenean solli cudin lorem quis bibendum auctor nisi elit vel aerean<br\/>proin gravida<\/p>","name":"Kwang Sang","info_other":"Australia"}},"1528359736752":{"type":"quote","settings":{"avatar":"shopify:\/\/shop_images\/img-testimo1_32858c2f-f026-4af3-a3e6-6ccf0921de3c.png","star":5,"quote":"<p>“Proin gravida nibh vel velit auctor aliquet. Aenean solli cudin lorem quis bibendum auctor nisi elit vel aerean<br\/>proin gravida<\/p>","name":"Rebecca Jenkins","info_other":"American"}}},"block_order":["1528359746051","1528359357351","1528359736752"],"settings":{"heading":"<p>TESTIMONIAL<\/p>","heading_c":"#ffffff","subheading":"","subheading_c":"#666666","title_alignment":"text-center","show_nav":false,"show_dots":true,"spacing":0,"s_star":false,"show_avatar":true,"color_t":"#222222","full_width":true,"background_color":"#ffffff","class":"","distance_top":"0","distance_bottom":"0"}},"nov-manufacture":{"type":"nov-manufacture","blocks":{"1528360735012":{"type":"logo_image","settings":{"image":"","link":""}},"1528361007518":{"type":"logo_image","settings":{"image":"","link":""}},"1528361022544":{"type":"logo_image","settings":{"image":"","link":""}},"1528361033903":{"type":"logo_image","settings":{"image":"","link":""}},"1528361042661":{"type":"logo_image","settings":{"image":"","link":""}},"1528361050747":{"type":"logo_image","settings":{"image":"","link":""}}},"block_order":["1528360735012","1528361007518","1528361022544","1528361033903","1528361042661","1528361050747"],"settings":{"limit":8,"has_fullwidth":true,"background_color":"","background_image":"","class":"","distance_top":"30px","distance_bottom":"30px"}},"nov-newsletter":{"type":"nov-newsletter","settings":{"subheading":"<p>Sign up for newsletter to receive special offers<\/p>","icon_newsletter":"","full_width":false,"background_color":"","background_image":"","distance_top":"30px","distance_bottom":"30px"}},"article-template":{"type":"article-template","settings":{"blog_show_image_feature":true,"blog_show_author":true,"blog_show_date":true,"show_share_buttons":true}},"nov-page-contact":{"type":"nov-page-contact","settings":{"iframe_map":"https:\/\/www.google.com\/maps\/embed?pb=!1m18!1m12!1m3!1d4082.7742465747338!2d-79.38287617561478!3d43.64905556573276!2m3!1f0!2f0!3f0!3m2!1i1024!2i768!4f13.1!3m3!1m2!1s0x882b34d2a57d767f%3A0x935ab2eb9fd5fb31!2sFirst%20Canadian%20Place!5e0!3m2!1svi!2s!4v1591603052999!5m2!1svi!2s","t_contact":"Call us","st_contact":"Send us a text & an ambassador will respond when available.","contact":"1-814-251-9966","t_address":"Address","addr":"PO Box 1622 Vissaosang Street West","maill":"info@example.com","t_open":"WE'RE OPEN","st_open":"Our store has re-opened for shopping, exchanges","time_open":"Every day 11am to 7pm","social":true,"t_s":"SOCIAL MEDIA","title_contact_message":"GET IN TOUCH"}},"nov-header":{"type":"nov-header","blocks":{"73393400-4d45-448e-b578-d87c876cb9fa":{"type":"text","settings":{"novmenu_item":"Pages","submenu_width":"","submenu_full_width":true,"novmenu_menu_enable":true,"novmenu_xl":"col-xl-8","novmenu_lg":"col-lg-8","submenu_xl":"col-xl-4","submenu_lg":"col-lg-4","novmenu_banner_enable1":true,"banner_1_xl":"col-xl-4","banner_1_lg":"col-lg-4","image_size1":"445x350","novmenu_banner1":"shopify:\/\/shop_images\/mega-2_397de1d9-0595-40df-9a34-7af4164fc857.jpg","novmenu_banner_link1":"#","class_bn1":"mt-sm-30","novmenu_banner_enable2":false,"banner_2_xl":"col-xl-4","banner_2_lg":"col-lg-4","image_size2":"255x300","novmenu_banner_link2":"","class_bn2":"","novmenu_banner_enable3":false,"banner_3_xl":"col-xl-4","banner_3_lg":"col-lg-4","image_size3":"255x300","novmenu_banner_link3":"","class_bn3":"","collection_enable":false,"collection_xl":"col-xl-3","collection_lg":"col-lg-3","name_collec_1":"Best Sellers","link_1":"","name_collec_2":"New Arrival","link_2":"","name_collec_3":"Top Trending","link_3":"","name_collec_4":"Top Trending","link_4":"","name_collec_5":"Denim Collection","link_5":"","product_enable":false,"product_xl":"col-xl-4","product_lg":"col-lg-4","title_product":"Featured Product","product_1":"","product_2":"","product_3":"","autoplay":true,"show_dots":true}},"0c786e3e-f24d-46da-ab9b-4ec28c814671":{"type":"text","settings":{"novmenu_item":"Vegetables","submenu_width":"900","submenu_full_width":true,"novmenu_menu_enable":true,"novmenu_xl":"col-xl-6","novmenu_lg":"col-lg-6","submenu_xl":"col-xl-6","submenu_lg":"col-lg-6","novmenu_banner_enable1":false,"banner_1_xl":"col-xl-3","banner_1_lg":"col-lg-4","image_size1":"255x300","novmenu_banner_link1":"#","class_bn1":"","novmenu_banner_enable2":false,"banner_2_xl":"col-xl-4","banner_2_lg":"col-lg-4","image_size2":"255x300","novmenu_banner_link2":"","class_bn2":"","novmenu_banner_enable3":false,"banner_3_xl":"col-xl-4","banner_3_lg":"col-lg-4","image_size3":"255x300","novmenu_banner_link3":"","class_bn3":"","collection_enable":true,"collection_xl":"col-xl-3","collection_lg":"col-lg-3","name_collec_1":"Best Sellers","link_1":"shopify:\/\/collections\/electronics","name_collec_2":"New Arrival","link_2":"shopify:\/\/collections\/fridge","name_collec_3":"Top Trending","link_3":"shopify:\/\/collections\/gaming-gear","name_collec_4":"On sale","link_4":"shopify:\/\/collections\/laptop","name_collec_5":"Denim Collection","link_5":"shopify:\/\/collections\/smart-phone","product_enable":true,"product_xl":"col-xl-2","product_lg":"col-lg-2","title_product":"Featured Product","product_1":"organic-strawberry-fruits-13","product_2":"organic-strawberry-fruits-10","product_3":"organic-strawberry-fruits-4","autoplay":true,"show_dots":false}},"9df9c4e5-e744-4578-b672-1acdb3128c04":{"type":"text","settings":{"novmenu_item":"Features","submenu_width":"","submenu_full_width":true,"novmenu_menu_enable":true,"novmenu_xl":"col-xl-6","novmenu_lg":"col-lg-6","submenu_xl":"col-xl-6","submenu_lg":"col-lg-6","novmenu_banner_enable1":true,"banner_1_xl":"col-xl-3","banner_1_lg":"col-lg-3","image_size1":"330x500","novmenu_banner1":"shopify:\/\/shop_images\/mega-1.jpg","novmenu_banner_link1":"","class_bn1":"","novmenu_banner_enable2":false,"banner_2_xl":"col-xl-4","banner_2_lg":"col-lg-4","image_size2":"255x300","novmenu_banner_link2":"","class_bn2":"","novmenu_banner_enable3":false,"banner_3_xl":"col-xl-4","banner_3_lg":"col-lg-4","image_size3":"255x300","novmenu_banner_link3":"","class_bn3":"","collection_enable":true,"collection_xl":"col-xl-3","collection_lg":"col-lg-3","name_collec_1":"Best Sellers","link_1":"shopify:\/\/collections\/electronics","name_collec_2":"New Arrival","link_2":"shopify:\/\/collections\/fridge","name_collec_3":"Top Trending","link_3":"shopify:\/\/collections\/gaming-gear","name_collec_4":"On sale","link_4":"shopify:\/\/collections\/smart-phone","name_collec_5":"Denim Collection","link_5":"shopify:\/\/collections\/smart-watch","product_enable":false,"product_xl":"col-xl-2","product_lg":"col-lg-4","title_product":"Featured Product","product_1":"","product_2":"","product_3":"","autoplay":true,"show_dots":true}}},"block_order":["73393400-4d45-448e-b578-d87c876cb9fa","0c786e3e-f24d-46da-ab9b-4ec28c814671","9df9c4e5-e744-4578-b672-1acdb3128c04"],"settings":{"background_color":"#ffffff","background_m":"#ffffff","c_icon_m":"#222222","background_color_sticky":"#ffffff","color_sticky":"#ffffff","logo":"shopify:\/\/shop_images\/logo_freshmart.png","w_logo":186,"logo_mobile":"shopify:\/\/shop_images\/logo_freshmart_d19d2869-5ebd-4b8d-a95d-0c63b4e0f8ab.png","wm_logo":100,"stickymenu":true,"novmenu_enable":true,"show_icons":true,"main_linklist":"menu-home-2"}},"nov-footer":{"type":"nov-footer","blocks":{"ea0b48d1-4e7f-4e25-b07a-b1a3cd1cd705":{"type":"block_html","settings":{"block_title":"","img":"shopify:\/\/shop_images\/logo-white.png","html_content":"Lorem ipsum dolor sit amet, consectetur adipiscing elit, sed do eiusmod tempor incididunt ut labore et dolore magna aliqua. Ut enim ad minim\n<br>\n<br>\nDuis aute irure dolor in reprehenderit in voluptate velit esse cillum dolore eu fugiat nulla pariatur.","social":false,"block_class":"text-center","grid_xl":"col-xl-3","grid":"col-lg-6","grid_tablet":"col-md-6","grid_mobile":"col-sm-12","grid_mobiles":"col-12"}},"2970b4f6-4ee6-4091-a6dc-6acd7347e91e":{"type":"block_newsletter","settings":{"block_title":"Newsletter","newsletter_des":"Sign up for newsletter to receive special offers and exclusive news about FreshMart products","social":false,"block_class":"text-center mt-30","grid_xl":"col-xl-3","grid":"col-lg-6","grid_tablet":"col-md-6","grid_mobile":"col-sm-12","grid_mobiles":"col-12"}},"73c47ce3-43a8-494e-8d39-0cff6c8193d2":{"type":"block_html","settings":{"block_title":"Opening Hours","html_content":"Duis aute irure dolor in reprehenderit in voluptate velit esse cillum dolore eu fugiat nulla pariatur. \n<br>\n<br>\n<p><strong>Monday To Friday<\/strong> : 8.00 AM - 8.00 PM\n<\/p><p><strong>Satuday<\/strong> : 7.30 AM - 9.30 PM<\/p>\n<p><strong>Sunday<\/strong> : 7.00 AM - 10.00 PM<\/p>","social":false,"block_class":"text-center mt-30 mt-xs-0","grid_xl":"col-xl-3","grid":"col-lg-6","grid_tablet":"col-md-6","grid_mobile":"col-sm-12","grid_mobiles":"col-12"}},"c4d7928f-7bee-4463-9dd9-152d6d93f15d":{"type":"block_contact","settings":{"block_title":"Contact us","contact_address":"123 Suspendis matti, Visaosang Building  VST  District, North American","contact_phone":"0123-456-78910","contact_phone_2":"0987-654-32100","contact_email":"support@domain.com","contact_email_2":"","block_class":"text-center mt-30 mt-xs-0","grid_xl":"col-xl-3","grid":"col-lg-6","grid_tablet":"col-md-6","grid_mobile":"col-sm-12","grid_mobiles":"col-12"}}},"block_order":["ea0b48d1-4e7f-4e25-b07a-b1a3cd1cd705","2970b4f6-4ee6-4091-a6dc-6acd7347e91e","73c47ce3-43a8-494e-8d39-0cff6c8193d2","c4d7928f-7bee-4463-9dd9-152d6d93f15d"],"settings":{"color_t":"#ffffff","color":"#ffffff","background_color":"#3ba66b","c_social":"#3ba66b","bg_social":"#ffffff","color_copy":"#666666","background_color_copy":"#ffffff","copyright":"Copyright © 2021 Vinovathemes. All rights reserved.","payment":"shopify:\/\/shop_images\/payment.png"}},"nov-policy":{"type":"nov-policy","blocks":{"1577775924282":{"type":"item_policy","settings":{"policy_icon":"shopify:\/\/shop_images\/policy-1.png","title_policy":"<p>Free Shipping item<\/p>","desc_policy":"<p>Proin gravida nibh vel velit auctor aliquet aenean<\/p>","class":"mb-sm-30"}},"1577775930456":{"type":"item_policy","settings":{"policy_icon":"shopify:\/\/shop_images\/policy-2.png","title_policy":"<p>Secured Payment<\/p>","desc_policy":"<p>Proin gravida nibh vel velit auctor aliquet aenean<\/p>","class":"mb-sm-30"}},"1577775933242":{"type":"item_policy","settings":{"policy_icon":"shopify:\/\/shop_images\/policy-3.png","title_policy":"<p>money back guarantee<\/p>","desc_policy":"<p>Proin gravida nibh vel velit auctor aliquet aenean<\/p>","class":""}}},"block_order":["1577775924282","1577775930456","1577775933242"],"settings":{"heading":"","heading_c":"#ffffff","subheading":"","subheading_c":"#666666","title_alignment":"text-left","width_xl":"col-xl-12","width_lg":"col-lg-12","width_md":"col-md-4","width_sm":"col-sm-12","width_xs":"col-12","has_fullwidth":true,"background_color":"#f5f3ed","class":"mb-40 pb-md-30","distance_top":"30px","distance_bottom":"16px"}},"password-header":{"type":"password-header","settings":{"logo_max_width":"300","header":"Coming Soon"}},"password-content":{"type":"password-content","settings":{"newsletter_enable":true,"newsletter_form_heading":"Be the first to know when we launch.","newsletter_placeholder":"Email address","newsletter_button_text":"Notify me"}},"password-footer":{"type":"password-footer","settings":{"show_share_buttons":true,"social_message":"Spread the word"}},"nov-page-faqs":{"type":"nov-page-faqs","blocks":{"1600049089505":{"type":"faq","settings":{"item_title":"Sed est elit posuere ac semper at hendrerit a neque?","item_content":"Lorem ipsum dolor sit amet, consectetur adipiscing elit. Sed ac pretium metus. Curabitur velit sem, egestas sit amet dolor nec, tristique vulputate enim. Etiam a lorem libero. In egestas ultricies convallis. Sed iaculis arcu id justo dapibus pharetra. Maecenas et aliquam eros, sit amet volutpat nisi. Duis feugiat mattis maximus. Nulla sollicitudin lorem vitae neque ultricies efficitur. Sed pulvinar tellus enim, non tincidunt nisl imperdiet quis. Maecenas maximus lorem eu justo tincidunt mollis"}},"1600049113929":{"type":"faq","settings":{"item_title":"Why Lorem ipsum dolor sit amet ?","item_content":"Lorem ipsum dolor sit amet, consectetur adipiscing elit. Sed ac pretium metus. Curabitur velit sem, egestas sit amet dolor nec, tristique vulputate enim. Etiam a lorem libero. In egestas ultricies convallis. Sed iaculis arcu id justo dapibus pharetra. Maecenas et aliquam eros, sit amet volutpat nisi. Duis feugiat mattis maximus. Nulla sollicitudin lorem vitae neque ultricies efficitur. Sed pulvinar tellus enim, non tincidunt nisl imperdiet quis. Maecenas maximus lorem eu justo tincidunt mollis"}},"1600049126585":{"type":"faq","settings":{"item_title":"What maecenas commodo mi urna, quis accumsan ligula gravida at ?","item_content":"Lorem ipsum dolor sit amet, consectetur adipiscing elit. Sed ac pretium metus. Curabitur velit sem, egestas sit amet dolor nec, tristique vulputate enim. Etiam a lorem libero. In egestas ultricies convallis. Sed iaculis arcu id justo dapibus pharetra. Maecenas et aliquam eros, sit amet volutpat nisi. Duis feugiat mattis maximus. Nulla sollicitudin lorem vitae neque ultricies efficitur. Sed pulvinar tellus enim, non tincidunt nisl imperdiet quis. Maecenas maximus lorem eu justo tincidunt mollis"}},"1600049137018":{"type":"faq","settings":{"item_title":"Integer venenatis suscipit urna id imperdiet. In et mi quis sapien tristique sodales sit amet nec justo ?","item_content":"Lorem ipsum dolor sit amet, consectetur adipiscing elit. Sed ac pretium metus. Curabitur velit sem, egestas sit amet dolor nec, tristique vulputate enim. Etiam a lorem libero. In egestas ultricies convallis. Sed iaculis arcu id justo dapibus pharetra. Maecenas et aliquam eros, sit amet volutpat nisi. Duis feugiat mattis maximus. Nulla sollicitudin lorem vitae neque ultricies efficitur. Sed pulvinar tellus enim, non tincidunt nisl imperdiet quis. Maecenas maximus lorem eu justo tincidunt mollis"}},"1600049150025":{"type":"faq","settings":{"item_title":"Donec lobortis dolor a arcu auctor tincidunt ac fermentum enim ?","item_content":"Lorem ipsum dolor sit amet, consectetur adipiscing elit. Sed ac pretium metus. Curabitur velit sem, egestas sit amet dolor nec, tristique vulputate enim. Etiam a lorem libero. In egestas ultricies convallis. Sed iaculis arcu id justo dapibus pharetra. Maecenas et aliquam eros, sit amet volutpat nisi. Duis feugiat mattis maximus. Nulla sollicitudin lorem vitae neque ultricies efficitur. Sed pulvinar tellus enim, non tincidunt nisl imperdiet quis. Maecenas maximus lorem eu justo tincidunt mollis"}},"1600049160417":{"type":"faq","settings":{"item_title":"Maecenas vitae placerat metus ?","item_content":"Lorem ipsum dolor sit amet, consectetur adipiscing elit. Sed ac pretium metus. Curabitur velit sem, egestas sit amet dolor nec, tristique vulputate enim. Etiam a lorem libero. In egestas ultricies convallis. Sed iaculis arcu id justo dapibus pharetra. Maecenas et aliquam eros, sit amet volutpat nisi. Duis feugiat mattis maximus. Nulla sollicitudin lorem vitae neque ultricies efficitur. Sed pulvinar tellus enim, non tincidunt nisl imperdiet quis. Maecenas maximus lorem eu justo tincidunt mollis"}},"1600049170281":{"type":"faq","settings":{"item_title":"Vestibulum nulla velit, tincidunt id neque sed ?","item_content":"volutpat nisi. Duis feugiat mattis maximus. Nulla sollicitudin lorem vitae neque ultricies efficitur. Sed pulvinar tellus enim, non tincidunt nisl imperdiet quis. Maecenas maximus lorem eu justo tincidunt mollis"}},"1600049181962":{"type":"faq","settings":{"item_title":"Sed est elit posuere ac semper at hendrerit a neque?","item_content":"Lorem ipsum dolor sit amet, consectetur adipiscing elit. Sed ac pretium metus. Curabitur velit sem, egestas sit amet dolor nec, tristique vulputate enim. Etiam a lorem libero. In egestas ultricies convallis. Sed iaculis arcu id justo dapibus pharetra. Maecenas et aliquam eros, sit amet volutpat nisi. Duis feugiat mattis maximus. Nulla sollicitudin lorem vitae neque ultricies efficitur. Sed pulvinar tellus enim, non tincidunt nisl imperdiet quis. Maecenas maximus lorem eu justo tincidunt mollis"}}},"block_order":["1600049089505","1600049113929","1600049126585","1600049137018","1600049150025","1600049160417","1600049170281","1600049181962"],"settings":{"title":"Frequently asked question","subheading":""}},"nov-page-about-us":{"type":"nov-page-about-us","blocks":{"1600139275347":{"type":"image","settings":{"img":"shopify:\/\/shop_images\/about.jpg"}},"1600141333789":{"type":"text","settings":{"title":"Our company","text_content":"<p>Lorem ipsum dolor sit amet, consectetur adipiscing elit. Ut ac ligula et mi semper viverra nec a tellus. Curabitur sed diam quis elit tempus venenatis sit amet a tellus. Sed id lectus laoreet, elementum metus at, sagittis sem. Sed ante velit, eleifend sit amet eros lacinia, lobortis vehicula dui. Vivamus fringilla mauris mauris. Aliquam lectus ligula, porta a rhoncus sit amet, consequat vel nibh. Sed in est venenatis, dictum dui a, consequat quam.<br><\/p>\n<p><br><\/p>\n<p>Etiam consectetur accumsan odio sit amet sagittis. Aliquam erat volutpat. Maecenas eros lacus, commodo id leo ut, ullamcorper varius elit. Proin auctor quam convallis, iaculis odio non, iaculis tortor. In felis tortor, tristique at magna nec, pharetra posuere leo. Praesent ut felis ante. Pellentesque rutrum sed turpis at ornare. Nulla tincidunt enim vitae purus rhoncus pellentesque ut ac ligula. Vivamus vel gravida nulla, quis aliquam est. Proin ultrices semper tortor, at suscipit nibh imperdiet vel. Etiam quis velit viverra nisl lobortis imperdiet quis mollis metus. Integer nec felis at ligula finibus consequat at ut magna. Duis fermentum dignissim metus in pellentesque. Integer viverra iaculis quam vel convallis. Donec et leo non velit pharetra placerat. Donec condimentum enim vitae felis vulputate, non rhoncus leo fringilla.<\/p>","class":"mt-35"}},"1600139586443":{"type":"quote","settings":{"text_content":"<p>I am quote block text, consectetur adipiscing elit. Ut ac ligula et mi semper viverra nec a tellus. Curabitur sed diam quis elit tempus venenatis sit amet a tellus. Sed id lectus laoreet, elementum metus at, sagittis sem. Sed ante velit, eleifend sit amet eros lacinia, lobortis vehicula dui. Vivamus fringilla mauris mauris. Aliquam lectus ligula porta a rhoncus sit amet consequat vel nibh.&nbsp;<\/p>","class":"mt-25 mb-25"}},"1600141399342":{"type":"text","settings":{"title":"Our team","text_content":"<p>Lorem ipsum dolor sit amet, consectetur adipiscing elit. Ut ac ligula et mi semper viverra nec a tellus. Curabitur sed diam quis elit tempus venenatis sit amet a tellus. Sed id lectus laoreet, elementum metus at, sagittis sem. Sed ante velit, eleifend sit amet eros lacinia, lobortis vehicula dui. Vivamus fringilla mauris mauris. Aliquam lectus ligula, porta a rhoncus sit amet, consequat vel nibh. Sed in est venenatis, dictum dui a, consequat quam.<br><\/p>\n<p><br><\/p>\n<p>Etiam consectetur accumsan odio sit amet sagittis. Aliquam erat volutpat. Maecenas eros lacus, commodo id leo ut, ullamcorper varius elit. Proin auctor quam convallis, iaculis odio non, iaculis tortor. In felis tortor, tristique at magna nec, pharetra posuere leo. Praesent ut felis ante. Pellentesque rutrum sed turpis at ornare. Nulla tincidunt enim vitae purus rhoncus pellentesque ut ac ligula. Vivamus vel gravida nulla, quis aliquam est. Proin ultrices semper tortor, at suscipit nibh imperdiet vel. Etiam quis velit viverra nisl lobortis imperdiet quis mollis metus. Integer nec felis at ligula finibus consequat at ut magna. Duis fermentum dignissim metus in pellentesque. Integer viverra iaculis quam vel convallis. Donec et leo non velit pharetra placerat. Donec condimentum enim vitae felis vulputate, non rhoncus leo fringilla.<\/p>","class":"mb-55"}},"1600139715583":{"type":"our_team","settings":{"author":"KwangSang","job":"CEO- Vinova","decs":"<p>Lorem ipsum dolor sit amet, consectetur adipiscing elit. Sed ac pretium metus. Curabi tur velit sem, egestas sit amet dolor nec, tris tique vulputate enim.<\/p>","hotline":"(+612) 2531 5600","email":"sonata@domain.com","show_label":false,"social_twitter_link":"#","social_facebook_link":"#","social_pinterest_link":"#","social_instagram_link":"#","social_dribbble_link":"","social_google_link":"","social_linkedin_link":"","social_tumblr_link":"","social_snapchat_link":"","social_youtube_link":"","social_vimeo_link":"","class":"col-lg-3 col-md-4 col-sm-6 col-xs-12 mb-xs-30"}},"1600139764692":{"type":"our_team","settings":{"author":"Rebecca Jenkins","job":"Developer","decs":"<p>Lorem ipsum dolor sit amet, consectetur adipiscing elit. Sed ac pretium metus. Curabi tur velit sem, egestas sit amet dolor nec, tris tique vulputate enim.<\/p>","hotline":"(+612) 2531 5600","email":"sonata@domain.com","show_label":false,"social_twitter_link":"#","social_facebook_link":"#","social_pinterest_link":"#","social_instagram_link":"#","social_dribbble_link":"","social_google_link":"","social_linkedin_link":"","social_tumblr_link":"","social_snapchat_link":"","social_youtube_link":"","social_vimeo_link":"","class":"col-lg-3 col-md-4 col-sm-6 col-xs-12 mb-xs-30"}},"1600139797724":{"type":"our_team","settings":{"author":"Alex Nguyen","job":"Designer","decs":"<p>Lorem ipsum dolor sit amet, consectetur adipiscing elit. Sed ac pretium metus. Curabi tur velit sem, egestas sit amet dolor nec, tris tique vulputate enim.<\/p>","hotline":"(+612) 2531 5600","email":"sonata@domain.com","show_label":false,"social_twitter_link":"#","social_facebook_link":"#","social_pinterest_link":"#","social_instagram_link":"#","social_dribbble_link":"","social_google_link":"","social_linkedin_link":"","social_tumblr_link":"","social_snapchat_link":"","social_youtube_link":"","social_vimeo_link":"","class":"col-lg-3 col-md-4 col-sm-6 col-xs-12"}},"1600139823748":{"type":"our_team","settings":{"author":"Lucy Watson","job":"Developer","decs":"<p>Lorem ipsum dolor sit amet, consectetur adipiscing elit. Sed ac pretium metus. Curabi tur velit sem, egestas sit amet dolor nec, tris tique vulputate enim.<\/p>","hotline":"(+612) 2531 5600","email":"sonata@domain.com","show_label":false,"social_twitter_link":"#","social_facebook_link":"#","social_pinterest_link":"#","social_instagram_link":"#","social_dribbble_link":"","social_google_link":"","social_linkedin_link":"","social_tumblr_link":"","social_snapchat_link":"","social_youtube_link":"","social_vimeo_link":"","class":"col-lg-3 col-md-4 col-sm-6 col-xs-12 mt-md-30"}}},"block_order":["1600139275347","1600141333789","1600139586443","1600141399342","1600139715583","1600139764692","1600139797724","1600139823748"],"settings":{"title":"","subheading":""}},"nov-product-deals":{"type":"nov-product-deals","blocks":{"c452d5a3-2427-44e6-a60a-741d9a923207":{"type":"productcountdownlist","settings":{"product_handle":"organic-strawberry-fruits-13","countdown_timeend":"2022\/01\/09"}},"e66d66ee-b2fc-4eaf-9da0-d9c5a39f02d7":{"type":"productcountdownlist","settings":{"product_handle":"organic-strawberry-fruits-4","countdown_timeend":"2022\/01\/09"}},"bdf30c69-ca17-4caf-a5d8-88f6f1aca8e2":{"type":"productcountdownlist","settings":{"product_handle":"organic-strawberry-fruits-6","countdown_timeend":"2022\/01\/09"}},"5ebfaa35-3c8c-45a9-965a-13d28b5b6a0d":{"type":"productcountdownlist","settings":{"product_handle":"organic-strawberry-fruits-12","countdown_timeend":"2022\/01\/09"}},"848a5523-c2f1-4345-9d22-ad3b036df6d4":{"type":"productcountdownlist","settings":{"product_handle":"copy-of-organic-strawberry-fruits","countdown_timeend":"2022\/01\/09"}}},"block_order":["c452d5a3-2427-44e6-a60a-741d9a923207","e66d66ee-b2fc-4eaf-9da0-d9c5a39f02d7","bdf30c69-ca17-4caf-a5d8-88f6f1aca8e2","5ebfaa35-3c8c-45a9-965a-13d28b5b6a0d","848a5523-c2f1-4345-9d22-ad3b036df6d4"],"settings":{"title":"<p>FLASH DEALS<\/p>","c_title":"#ffffff","subheading":"","c_subheading":"#666666","title_alignment":"text-center","grid_number_xxl":1,"grid_number":1,"grid_number_lg":1,"grid_number_md":3,"grid_number_sm":1,"grid_number_xs":1,"show_nav":true,"has_fullwidth":true,"background_color":"rgba(0,0,0,0)","class":"mb-40","distance_top":"0","distance_bottom":"0"}},"nov-img-text":{"type":"nov-img-text","settings":{"heading":"<p><em><strong>Why Choose Us<\/strong><\/em><\/p>","heading_c":"#78b144","subheading":"","subheading_c":"#666666","title_alignment":"text-center","tt_c":"#222222","desc_c":"#222222","background_color":"#f7f6f2","class":"","distance_top":"0","distance_bottom":"60px"}},"16370577412a81ac71":{"type":"nov-slideshow","blocks":{"16370577412a81ac71-0":{"type":"image","settings":{"image":"shopify:\/\/shop_images\/1_clear.jpg","wimg":345,"wimg_xl":345,"wimg_lg":215,"wimg_md":150,"wimg_sm":150,"wimg_xs":114,"mbimg":40,"mbimg_md":20,"mbimg_xs":10,"cap_animate_img":"fadeInDown","caption_1":"Exotic Vegetables","color_cap1":"#3ba66b","fz_cap1_xxl":48,"fz_cap1_xl":48,"fz_cap1_lg":40,"fz_cap1_md":30,"fz_cap1_sm":24,"fz_cap1_xs":20,"fw1":"900","fs1":"normal","let1":0,"line_height1":"1.5","mb1":15,"cap_animate_1":"fadeInDown","caption_2":"Shop and grow vegetable seeds and plants perfect for your home garden. Prize winning tomatoes, peppers, beans and heirloom vegetables from FreshMart","color_cap2":"#3ba66b","fz_cap2_xxl":14,"fz_cap2_xl":14,"fz_cap2_lg":14,"fz_cap2_md":11,"fz_cap2_sm":11,"fz_cap2_xs":11,"fw2":"700","fs2":"italic","let2":0,"line_height2":"1.5","mb2":0,"cap_animate_2":"fadeInUp","caption_3":"","color_cap3":"#000000","fz_cap3_xxl":13,"fz_cap3_xl":13,"fz_cap3_lg":13,"fz_cap3_md":13,"fz_cap3_sm":13,"fz_cap3_xs":13,"fw3":"400","fs3":"normal","let3":0,"line_height3":"1.5","mb3":0,"cap_animate_3":"bounce","caption_btn":"","slider_link":"","text_align":"center","width_position_xxl":43,"width_position_xl":43,"width_position_lg":42,"width_position_md":54,"width_position_sm":62,"width_position_xs":58,"left_position_xxl":8,"left_position_xl":8,"left_position_lg":8,"left_position_md":0,"left_position_sm":0,"left_position_xs":0,"top_position_xxl":48,"top_position_xl":40,"top_position_lg":34,"top_position_md":30,"top_position_sm":25,"top_position_xs":16}},"16370577412a81ac71-1":{"type":"image","settings":{"image":"shopify:\/\/shop_images\/2_clear_45f421c0-11a0-469b-84cd-34cf8ff7d7d1.jpg","wimg":200,"wimg_xl":200,"wimg_lg":120,"wimg_md":100,"wimg_sm":90,"wimg_xs":75,"mbimg":50,"mbimg_md":0,"mbimg_xs":0,"cap_animate_img":"zoomIn","caption_1":"Fruit For Live Healthy","color_cap1":"#3ba66b","fz_cap1_xxl":48,"fz_cap1_xl":44,"fz_cap1_lg":40,"fz_cap1_md":28,"fz_cap1_sm":24,"fz_cap1_xs":20,"fw1":"900","fs1":"italic","let1":0,"line_height1":"1.5","mb1":15,"cap_animate_1":"fadeInUp","caption_2":"Shop and grow vegetable seeds and plants perfect for your home garden. Prize winning tomatoes, peppers, beans and heirloom vegetables from FreshMart","color_cap2":"#3ba66b","fz_cap2_xxl":14,"fz_cap2_xl":13,"fz_cap2_lg":13,"fz_cap2_md":11,"fz_cap2_sm":11,"fz_cap2_xs":11,"fw2":"700","fs2":"italic","let2":0,"line_height2":"1.5","mb2":0,"cap_animate_2":"fadeInUp","caption_3":"","color_cap3":"#000000","fz_cap3_xxl":13,"fz_cap3_xl":13,"fz_cap3_lg":13,"fz_cap3_md":13,"fz_cap3_sm":13,"fz_cap3_xs":13,"fw3":"400","fs3":"normal","let3":0,"line_height3":"1.5","mb3":0,"cap_animate_3":"bounce","caption_btn":"","slider_link":"","text_align":"center","width_position_xxl":45,"width_position_xl":45,"width_position_lg":59,"width_position_md":75,"width_position_sm":100,"width_position_xs":100,"left_position_xxl":25.5,"left_position_xl":25.5,"left_position_lg":21,"left_position_md":13,"left_position_sm":0,"left_position_xs":0,"top_position_xxl":14,"top_position_xl":14,"top_position_lg":12,"top_position_md":9,"top_position_sm":9,"top_position_xs":10}},"16370577412a81ac71-2":{"type":"image","settings":{"image":"shopify:\/\/shop_images\/3_clear_308954d9-7908-4a33-a58c-7a45066a42b5.jpg","mbimg":0,"mbimg_md":0,"mbimg_xs":0,"cap_animate_img":"bounce","caption_1":"GRUYERE-STUFFED CRUSTY LOAVES","color_cap1":"#b5531f","fz_cap1_xxl":36,"fz_cap1_xl":36,"fz_cap1_lg":30,"fz_cap1_md":24,"fz_cap1_sm":24,"fz_cap1_xs":15,"fw1":"900","fs1":"normal","let1":0,"line_height1":"1.5","mb1":5,"cap_animate_1":"fadeInLeft","caption_2":"A lava-flow of aromatic cheese melts down the sides of these chewy\/crusty loaves.","color_cap2":"#b5531f","fz_cap2_xxl":16,"fz_cap2_xl":16,"fz_cap2_lg":13,"fz_cap2_md":11,"fz_cap2_sm":11,"fz_cap2_xs":11,"fw2":"900","fs2":"italic","let2":0,"line_height2":"1.5","mb2":0,"cap_animate_2":"fadeInRight","caption_3":"","color_cap3":"#000000","fz_cap3_xxl":13,"fz_cap3_xl":13,"fz_cap3_lg":13,"fz_cap3_md":13,"fz_cap3_sm":13,"fz_cap3_xs":10,"fw3":"400","fs3":"normal","let3":0,"line_height3":"1.5","mb3":0,"cap_animate_3":"bounce","caption_btn":"","slider_link":"","text_align":"center","width_position_xxl":100,"width_position_xl":100,"width_position_lg":100,"width_position_md":100,"width_position_sm":100,"width_position_xs":100,"left_position_xxl":0,"left_position_xl":0,"left_position_lg":0,"left_position_md":0,"left_position_sm":0,"left_position_xs":0,"top_position_xxl":14,"top_position_xl":14,"top_position_lg":14,"top_position_md":11,"top_position_sm":11,"top_position_xs":5}}},"block_order":["16370577412a81ac71-0","16370577412a81ac71-1","16370577412a81ac71-2"],"settings":{"autoplay":false,"autoplay_speed":"5000","h_sm":270,"h_xs":200,"img_bf":"shopify:\/\/shop_images\/slideshow_before.png","arrows":false,"dots":false,"has_fullwidth":false,"class":"","distance_top":"0","distance_bottom":"0"}},"1638170561c15a31e0":{"type":"nov-policy","blocks":{"1638170561c15a31e0-0":{"type":"item_policy","settings":{"policy_icon":"shopify:\/\/shop_images\/Layer_12.png","title_policy":"Free Shipping item","desc_policy":"<p>Proin gravida nibh vel velit auctor aliquet. Aenean lorem quis bibendum auctor<\/p>","class":"mb-md-30"}},"1638170561c15a31e0-1":{"type":"item_policy","settings":{"policy_icon":"shopify:\/\/shop_images\/Layer_13.png","title_policy":"Secured Payment","desc_policy":"<p>Proin gravida nibh vel velit auctor aliquet. Aenean lorem quis bibendum auctor<\/p>","class":"mb-md-30"}},"1638170561c15a31e0-2":{"type":"item_policy","settings":{"policy_icon":"shopify:\/\/shop_images\/Layer_14.png","title_policy":"Money Back Guarantee","desc_policy":"<p>Proin gravida nibh vel velit auctor aliquet. Aenean lorem quis bibendum auctor<\/p>","class":"mb-xs-30"}},"4e2c2d9b-8553-499a-8888-5a5156532ae0":{"type":"item_policy","settings":{"policy_icon":"shopify:\/\/shop_images\/ten-lua.png","title_policy":"Express Shipping","desc_policy":"<p>Proin gravida nibh vel velit auctor aliquet. Aenean lorem quis bibendum auctor<\/p>","class":""}}},"block_order":["1638170561c15a31e0-0","1638170561c15a31e0-1","1638170561c15a31e0-2","4e2c2d9b-8553-499a-8888-5a5156532ae0"],"settings":{"heading":"","heading_c":"#222222","subheading":"","subheading_c":"#666666","title_alignment":"text-left","width_xl":"col-xl-3","width_lg":"col-lg-3","width_md":"col-md-6","width_sm":"col-sm-6","width_xs":"col-12","has_fullwidth":false,"background_color":"","class":"","distance_top":"40px","distance_bottom":"0"}},"163817143459053e12":{"type":"nov-line","settings":{"color":"#ded9c2","opacity":100,"style":"dashed","has_fullwidth":false,"class":"","distance_top":"40px","distance_bottom":"30px"}},"16381804070f563972":{"type":"nov-collection-tab-loadmore","blocks":{"b15dbd87-b969-4d84-98c6-4a165687f1d0":{"type":"load_collection","settings":{"icon":"shopify:\/\/shop_images\/all.png","tab_title":"All Product","collection":"frontpage"}},"5704f937-2f0f-4506-b718-78eec8ab89ae":{"type":"load_collection","settings":{"icon":"shopify:\/\/shop_images\/vegetables-green.png","tab_title":"Vegetables","collection":"vegetables"}},"ed6c22b9-359b-460e-990f-c36a817f3aa6":{"type":"load_collection","settings":{"icon":"shopify:\/\/shop_images\/fruit-green.png","tab_title":"Fruits","collection":"fruits"}},"d0f7a872-64f3-41d4-9d2b-46e08fc38241":{"type":"load_collection","settings":{"icon":"shopify:\/\/shop_images\/bread-green.png","tab_title":"Bread","collection":"bread"}},"6d653a22-bbf6-4f1a-9f50-404cfb661993":{"type":"load_collection","settings":{"icon":"shopify:\/\/shop_images\/juice-green.png","tab_title":"Juices","collection":"juices"}},"162fb374-88e5-4aea-9146-7b2da0930ced":{"type":"load_collection","settings":{"icon":"shopify:\/\/shop_images\/tea-green.png","tab_title":"Tea","collection":"tea"}}},"block_order":["b15dbd87-b969-4d84-98c6-4a165687f1d0","5704f937-2f0f-4506-b718-78eec8ab89ae","ed6c22b9-359b-460e-990f-c36a817f3aa6","d0f7a872-64f3-41d4-9d2b-46e08fc38241","6d653a22-bbf6-4f1a-9f50-404cfb661993","162fb374-88e5-4aea-9146-7b2da0930ced"],"settings":{"heading":"<p>Our <strong>Products<\/strong><\/p>","heading_c":"#3c3c3c","subheading":"<p>FRESH FROM OUR FARM<\/p>","subheading_c":"#968d69","limit":15,"grid_number_xxl":5,"grid_number":5,"grid_number_lg":4,"grid_number_md":3,"grid_number_sm":2,"grid_number_xs":2,"has_fullwidth":false,"c_nav":"#78b144","bgi_nav_h":"shopify:\/\/shop_images\/bg-categoriestab.png","background_color":"","class":"","distance_top":"65px","distance_bottom":"100px"}},"1638256549f590e36a":{"type":"nov-img-text","settings":{"heading":"<p><em><strong>Why Choose Us<\/strong><\/em><\/p>","heading_c":"#78b144","subheading":"<p><em>Lorem ipsum dolor sit amet, consectetur adipiscing elit, sed do eiusmod tempor incididunt ut labore et dolore magna aliqua. <br\/>Ut enim ad minim veniam quis nostrud <\/em><\/p>","subheading_c":"#666666","title_alignment":"text-center","icon_facebook":"shopify:\/\/shop_images\/img-face.png","icon_linkedin":"shopify:\/\/shop_images\/img-in.png","icon_pinterest":"shopify:\/\/shop_images\/img-p.png","icon_instagram":"shopify:\/\/shop_images\/img-insta.png","img1":"shopify:\/\/shop_images\/leaves_bede3183-15b2-42a5-9885-5597551ed12c.png","title1":"Always Fresh","desc1":"<p>Lorem ipsum dolor sit amet, consectetur  elit, sed do eiusmod tempor incididunt ut labore et dolore magna aliqua. <\/p>","img2":"shopify:\/\/shop_images\/tree_deac4877-356e-4442-ad8d-7f313e2da1f9.png","title2":"100% Natural","desc2":"<p>Lorem ipsum dolor sit amet, consectetur  elit, sed do eiusmod tempor incididunt ut labore et dolore magna aliqua. <\/p>","img3":"shopify:\/\/shop_images\/heath_ff26dec2-aad7-4f82-afd2-822ad05e5161.png","title3":"Super Healthy","desc3":"<p>Lorem ipsum dolor sit amet, consectetur  elit, sed do eiusmod tempor incididunt ut labore et dolore magna aliqua. <\/p>","img4":"shopify:\/\/shop_images\/hc_b7263177-3674-4b61-bbee-f3b584d040cb.png","title4":"Premium Quality","desc4":"<p>Lorem ipsum dolor sit amet, consectetur  elit, sed do eiusmod tempor incididunt ut labore et dolore magna aliqua. <\/p>","img_bottom":"shopify:\/\/shop_images\/af_blue.png","tt_c":"#000000","desc_c":"#222222","background_color":"#f7f6f2","background_image":"shopify:\/\/shop_images\/img_bg.png","class":"","distance_top":"85px","distance_bottom":"100px"}}},"content_for_index":["16370577412a81ac71","1638170561c15a31e0","163817143459053e12","16381804070f563972","1638256549f590e36a"]},"presets":{}}