[{"name":"theme_info","theme_name":"Vinova Freshmart","theme_author":"Vinovathemes","theme_version":"1.0.0","theme_documentation_url":"https:\/\/document.vinovathemes.com\/shopify\/freshmart","theme_support_url":"https:\/\/support.vinovathemes.com\/"},{"name":"Vinova Colors","settings":[{"type":"header","content":"Main color"},{"type":"color","id":"theme_color_default","label":"Theme color default","default":"#222222"},{"type":"color","id":"theme_color_primary","label":"Theme color primary","default":"#666666"},{"type":"header","content":"Menu color"},{"type":"color","id":"menu_link","label":"Menu Link","default":"#3d4246"},{"type":"header","content":"Heading Color"},{"type":"color","id":"heading_text","label":"Heading color","default":"#3d4246"},{"type":"header","content":"Text and buttons"},{"type":"color","id":"color_text","label":"Headings and links","default":"#3d4246"},{"type":"color","id":"color_body_text","label":"Body text","default":"#666666"},{"type":"color","id":"color_sale_text","label":"Sale text","default":"#7796A8"},{"type":"color","id":"color_borders","label":"Borders and lines","default":"#e8e9eb"},{"type":"color","id":"color_border_item","label":"Color border item","default":"#e3e0d3"},{"type":"color","id":"color_button","label":"Buttons","default":"#7796A8"},{"type":"color","id":"color_product_button","label":"Color product button","default":"#c7c1a5"},{"type":"color","id":"color_button_text","label":"Button text","default":"#fff"},{"type":"color","id":"color_small_button","label":"Small buttons","default":"#fff"},{"type":"color","id":"color_small_button_text","label":"Small button text","default":"#3d4246"},{"type":"color","id":"color_text_field","label":"Text fields","default":"#fff"},{"type":"color","id":"color_text_field_text","label":"Text field text","default":"#000"},{"type":"header","content":"Image overlays"},{"type":"color","id":"color_image_overlay_text","label":"Text","default":"#fff"},{"type":"color","id":"color_image_overlay","label":"Background","default":"#3d4246"},{"type":"range","id":"image_overlay_opacity","label":"Opacity","min":0,"max":100,"step":1,"unit":"%","default":25},{"type":"header","content":"Background"},{"type":"color","id":"color_body_bg","label":"Background","default":"#fff"}]},{"name":"Vinova Typography","settings":[{"type":"header","content":"Headings and buttons"},{"type":"select","id":"type_header_family","label":"Font","default":"Google_Work+Sans_600_sans","options":[{"value":"'Avant Garde', Avantgarde, 'Century Gothic', CenturyGothic, 'AppleGothic', sans-serif","label":"Avant Garde","group":"Sans-serif"},{"value":"'Gill Sans', 'Gill Sans MT', Calibri, sans-serif","label":"Gill Sans","group":"Sans-serif"},{"value":"'HelveticaNeue', 'Helvetica Neue', Helvetica, Arial, sans-serif","label":"Helvetica Neue","group":"Sans-serif"},{"value":"Arial, 'Helvetica Neue', Helvetica, sans-serif","label":"Arial","group":"Sans-serif"},{"value":"Candara, Calibri, Segoe, 'Segoe UI', Optima, Arial, sans-serif","label":"Candara","group":"Sans-serif"},{"value":"Geneva, Tahoma, Verdana, sans-serif","label":"Geneva","group":"Sans-serif"},{"value":"Google_Droid+Sans_400_sans","label":"Droid Sans","group":"Sans-serif | Google Web Fonts"},{"value":"Google_Droid+Sans_700_sans","label":"Droid Sans Bold","group":"Sans-serif | Google Web Fonts"},{"value":"Google_Lato_400_sans","label":"Lato","group":"Sans-serif | Google Web Fonts"},{"value":"Google_Lato_700_sans","label":"Lato Bold","group":"Sans-serif | Google Web Fonts"},{"value":"Google_Montserrat_400_sans","label":"Montserrat","group":"Sans-serif | Google Web Fonts"},{"value":"Google_Montserrat_700_sans","label":"Montserrat Bold","group":"Sans-serif | Google Web Fonts"},{"value":"Google_Muli_600_sans","label":"Muli","group":"Sans-serif | Google Web Fonts"},{"value":"Google_Open+Sans_400_sans","label":"Open Sans","group":"Sans-serif | Google Web Fonts"},{"value":"Google_Open+Sans_700_sans","label":"Open Sans Bold","group":"Sans-serif | Google Web Fonts"},{"value":"Google_Oswald_400_sans","label":"Oswald","group":"Sans-serif | Google Web Fonts"},{"value":"Google_PT+Sans_400_sans","label":"PT Sans","group":"Sans-serif | Google Web Fonts"},{"value":"Google_PT+Sans_700_sans","label":"PT Sans Bold","group":"Sans-serif | Google Web Fonts"},{"value":"Google_Poppins_400_sans","label":"Poppins","group":"Sans-serif | Google Web Fonts"},{"value":"Google_Poppins_700_sans","label":"Poppins Bold","group":"Sans-serif | Google Web Fonts"},{"value":"Google_Roboto_400_sans","label":"Roboto","group":"Sans-serif | Google Web Fonts"},{"value":"Google_Roboto_700_sans","label":"Roboto Bold","group":"Sans-serif | Google Web Fonts"},{"value":"Google_Source+Sans+Pro_400_sans","label":"Source Sans Pro","group":"Sans-serif | Google Web Fonts"},{"value":"Google_Source+Sans+Pro_700_sans","label":"Source Sans Pro Bold","group":"Sans-serif | Google Web Fonts"},{"value":"Google_Ubuntu_400_sans","label":"Ubuntu","group":"Sans-serif | Google Web Fonts"},{"value":"Google_Ubuntu_700_sans","label":"Ubuntu Bold","group":"Sans-serif | Google Web Fonts"},{"value":"Google_Work+Sans_400_sans","label":"Work Sans","group":"Sans-serif | Google Web Fonts"},{"value":"Google_Work+Sans_600_sans","label":"Work Sans Semi-Bold","group":"Sans-serif | Google Web Fonts"},{"value":"'Big Caslon', 'Book Antiqua', 'Palatino Linotype', Georgia, serif","label":"Big Caslon","group":"Serif"},{"value":"'Calisto MT', 'Bookman Old Style', Bookman, 'Goudy Old Style', Garamond, 'Hoefler Text', 'Bitstream Charter', Georgia, serif","label":"Calisto MT","group":"Serif"},{"value":"Baskerville, 'Baskerville Old Face', 'Hoefler Text', Garamond, 'Times New Roman', serif","label":"Baskerville","group":"Serif"},{"value":"Garamond, Baskerville, 'Baskerville Old Face', 'Hoefler Text', 'Times New Roman', serif","label":"Garamond","group":"Serif"},{"value":"TimesNewRoman, 'Times New Roman', Times, Baskerville, Georgia, serif","label":"Times New Roman","group":"Serif"},{"value":"Google_Arvo_400_serif","label":"Arvo","group":"Serif | Google Web Fonts"},{"value":"Google_Arvo_700_serif","label":"Arvo Bold","group":"Serif | Google Web Fonts"},{"value":"Google_Crimson+Text_400_serif","label":"Crimson Text","group":"Serif | Google Web Fonts"},{"value":"Google_Crimson+Text_700_serif","label":"Crimson Text Bold","group":"Serif | Google Web Fonts"},{"value":"Google_Droid+Serif_400_serif","label":"Droid Serif","group":"Serif | Google Web Fonts"},{"value":"Google_Droid+Serif_700_serif","label":"Droid Serif Bold","group":"Serif | Google Web Fonts"},{"value":"Google_Lora_400_serif","label":"Lora","group":"Serif | Google Web Fonts"},{"value":"Google_Lora_700_serif","label":"Lora Bold","group":"Serif | Google Web Fonts"},{"value":"Google_Old+Standard+TT_400_serif","label":"Old Standard","group":"Serif | Google Web Fonts"},{"value":"Google_Old+Standard+TT_700_serif","label":"Old Standard Bold","group":"Serif | Google Web Fonts"},{"value":"Google_PT+Serif_400_serif","label":"PT Serif","group":"Serif | Google Web Fonts"},{"value":"Google_PT+Serif_700_serif","label":"PT Serif Bold","group":"Serif | Google Web Fonts"},{"value":"Google_Vollkorn_400_serif","label":"Vollkorn","group":"Serif | Google Web Fonts"},{"value":"Google_Vollkorn_700_serif","label":"Vollkorn Bold","group":"Serif | Google Web Fonts"},{"value":"Google_Playfair+Display_400_serif","label":"Playfair Display","group":"Serif | Google Web Fonts"}]},{"type":"select","id":"type_header_base_size","label":"Heading base size","default":"26px","options":[{"value":"20px","label":"20px"},{"value":"22px","label":"22px"},{"value":"24px","label":"24px"},{"value":"26px","label":"26px"},{"value":"28px","label":"28px"},{"value":"30px","label":"30px"},{"value":"32px","label":"32px"},{"value":"34px","label":"34px"},{"value":"36px","label":"36px"}]},{"type":"header","content":"Body text"},{"type":"select","id":"type_base_family","label":"Font","default":"Google_Work+Sans_400_sans","options":[{"value":"'Avant Garde', Avantgarde, 'Century Gothic', CenturyGothic, 'AppleGothic', sans-serif","label":"Avant Garde","group":"Sans-serif"},{"value":"'Gill Sans', 'Gill Sans MT', Calibri, sans-serif","label":"Gill Sans","group":"Sans-serif"},{"value":"'HelveticaNeue', 'Helvetica Neue', Helvetica, Arial, sans-serif","label":"Helvetica Neue","group":"Sans-serif"},{"value":"Arial, 'Helvetica Neue', Helvetica, sans-serif","label":"Arial","group":"Sans-serif"},{"value":"Candara, Calibri, Segoe, 'Segoe UI', Optima, Arial, sans-serif","label":"Candara","group":"Sans-serif"},{"value":"Geneva, Tahoma, Verdana, sans-serif","label":"Geneva","group":"Sans-serif"},{"value":"Google_Droid+Sans_400_sans","label":"Droid Sans","group":"Sans-serif | Google Web Fonts"},{"value":"Google_Droid+Sans_700_sans","label":"Droid Sans Bold","group":"Sans-serif | Google Web Fonts"},{"value":"Google_Lato_400_sans","label":"Lato","group":"Sans-serif | Google Web Fonts"},{"value":"Google_Lato_700_sans","label":"Lato Bold","group":"Sans-serif | Google Web Fonts"},{"value":"Google_Montserrat_400_sans","label":"Montserrat","group":"Sans-serif | Google Web Fonts"},{"value":"Google_Montserrat_700_sans","label":"Montserrat Bold","group":"Sans-serif | Google Web Fonts"},{"value":"Google_Muli_600_sans","label":"Muli","group":"Sans-serif | Google Web Fonts"},{"value":"Google_Open+Sans_400_sans","label":"Open Sans","group":"Sans-serif | Google Web Fonts"},{"value":"Google_Open+Sans_700_sans","label":"Open Sans Bold","group":"Sans-serif | Google Web Fonts"},{"value":"Google_PT+Sans_400_sans","label":"PT Sans","group":"Sans-serif | Google Web Fonts"},{"value":"Google_PT+Sans_700_sans","label":"PT Sans Bold","group":"Sans-serif | Google Web Fonts"},{"value":"Google_Poppins_400_sans","label":"Poppins","group":"Sans-serif | Google Web Fonts"},{"value":"Google_Poppins_700_sans","label":"Poppins Bold","group":"Sans-serif | Google Web Fonts"},{"value":"Google_Roboto_400_sans","label":"Roboto","group":"Sans-serif | Google Web Fonts"},{"value":"Google_Roboto_700_sans","label":"Roboto Bold","group":"Sans-serif | Google Web Fonts"},{"value":"Google_Source+Sans+Pro_400_sans","label":"Source Sans Pro","group":"Sans-serif | Google Web Fonts"},{"value":"Google_Source+Sans+Pro_700_sans","label":"Source Sans Pro Bold","group":"Sans-serif | Google Web Fonts"},{"value":"Google_Ubuntu_400_sans","label":"Ubuntu","group":"Sans-serif | Google Web Fonts"},{"value":"Google_Ubuntu_700_sans","label":"Ubuntu Bold","group":"Sans-serif | Google Web Fonts"},{"value":"Google_Work+Sans_400_sans","label":"Work Sans","group":"Sans-serif | Google Web Fonts"},{"value":"Google_Work+Sans_500_sans","label":"Work Sans Semi-Bold","group":"Sans-serif | Google Web Fonts"},{"value":"'Big Caslon', 'Book Antiqua', 'Palatino Linotype', Georgia, serif","label":"Big Caslon","group":"Serif"},{"value":"'Calisto MT', 'Bookman Old Style', Bookman, 'Goudy Old Style', Garamond, 'Hoefler Text', 'Bitstream Charter', Georgia, serif","label":"Calisto MT","group":"Serif"},{"value":"Baskerville, 'Baskerville Old Face', 'Hoefler Text', Garamond, 'Times New Roman', serif","label":"Baskerville","group":"Serif"},{"value":"Garamond, Baskerville, 'Baskerville Old Face', 'Hoefler Text', 'Times New Roman', serif","label":"Garamond","group":"Serif"},{"value":"Georgia, 'Hoefler Text', 'Times New Roman', serif","label":"Georgia","group":"Serif"},{"value":"TimesNewRoman, 'Times New Roman', Times, Baskerville, Georgia, serif","label":"Times New Roman","group":"Serif"},{"value":"Google_Arapey_400_serif","label":"Arapey","group":"Serif | Google Web Fonts"},{"value":"Google_Arvo_400_serif","label":"Arvo","group":"Serif | Google Web Fonts"},{"value":"Google_Arvo_700_serif","label":"Arvo Bold","group":"Serif | Google Web Fonts"},{"value":"Google_Crimson+Text_400_serif","label":"Crimson Text","group":"Serif | Google Web Fonts"},{"value":"Google_Crimson+Text_700_serif","label":"Crimson Text Bold","group":"Serif | Google Web Fonts"},{"value":"Google_Droid+Serif_400_serif","label":"Droid Serif","group":"Serif | Google Web Fonts"},{"value":"Google_Droid+Serif_700_serif","label":"Droid Serif Bold","group":"Serif | Google Web Fonts"},{"value":"Google_Lora_400_serif","label":"Lora","group":"Serif | Google Web Fonts"},{"value":"Google_Lora_700_serif","label":"Lora Bold","group":"Serif | Google Web Fonts"},{"value":"Google_PT+Serif_400_serif","label":"PT Serif","group":"Serif | Google Web Fonts"},{"value":"Google_PT+Serif_700_serif","label":"PT Serif Bold","group":"Serif | Google Web Fonts"},{"value":"Google_Vollkorn_400_serif","label":"Vollkorn","group":"Serif | Google Web Fonts"},{"value":"Google_Vollkorn_700_serif","label":"Vollkorn Bold","group":"Serif | Google Web Fonts"},{"value":"Google_Playfair+Display_700_serif","label":"Playfair Display Bold","group":"Serif | Google Web Fonts"},{"value":"Google_Playfair+Display_400_serif","label":"Playfair Display","group":"Serif | Google Web Fonts"}]},{"type":"select","id":"type_base_size","label":"Base size","default":"16px","options":[{"value":"11px","label":"11px"},{"value":"12px","label":"12px"},{"value":"13px","label":"13px"},{"value":"14px","label":"14px"},{"value":"15px","label":"15px"},{"value":"16px","label":"16px"},{"value":"17px","label":"17px"},{"value":"18px","label":"18px"},{"value":"19px","label":"19px"},{"value":"20px","label":"20px"}]},{"type":"checkbox","id":"type_bold_product_titles","label":"Bold product titles"}]},{"name":"Vinova Social media","settings":[{"type":"header","content":"Social sharing options"},{"type":"checkbox","id":"share_facebook","label":"Share on Facebook","default":true},{"type":"checkbox","id":"share_twitter","label":"Tweet on Twitter","default":true},{"type":"checkbox","id":"share_pinterest","label":"Pin on Pinterest","default":true},{"type":"header","content":"Social accounts"},{"type":"text","id":"social_twitter_link","label":"Twitter","info":"https:\/\/twitter.com\/shopify"},{"type":"text","id":"social_facebook_link","label":"Facebook","info":"https:\/\/facebook.com\/shopify"},{"type":"text","id":"social_dribbble_link","label":"Dribbble","info":"https:\/\/dribbble.com\/shopify"},{"type":"text","id":"social_pinterest_link","label":"Pinterest","info":"https:\/\/pinterest.com\/shopify"},{"type":"text","id":"social_google_link","label":"Google","info":"https:\/\/www.google.com\/shopify"},{"type":"text","id":"social_instagram_link","label":"Instagram","info":"http:\/\/instagram.com\/shopify"},{"type":"text","id":"social_tumblr_link","label":"Tumblr","info":"http:\/\/shopify.tumblr.com"},{"type":"text","id":"social_snapchat_link","label":"Snapchat","info":"https:\/\/www.snapchat.com\/add\/shopify"},{"type":"text","id":"social_youtube_link","label":"YouTube","info":"https:\/\/www.youtube.com\/shopify"},{"type":"text","id":"social_vimeo_link","label":"Vimeo","info":"https:\/\/vimeo.com\/shopify"}]},{"name":"Vinova Config General","settings":[{"type":"header","content":"Layout Config"},{"type":"select","id":"type_header","label":"Select Header type","options":[{"value":"header_1","label":"Header 1"},{"value":"header_2","label":"Header 2"},{"value":"header_3","label":"Header 3"},{"value":"header_4","label":"Header 4"},{"value":"header_5","label":"Header 5"},{"value":"header_6","label":"Header 6"},{"value":"header_7","label":"Header 7"},{"value":"header_8","label":"Header 8"},{"value":"header_9","label":"Header 9"},{"value":"header_10","label":"Header 10"},{"value":"header_11","label":"Header 11"}],"default":"header_1"},{"type":"select","id":"type_home","label":"Select Home type","options":[{"value":"home_1","label":"Home 1"},{"value":"home_2","label":"Home 2"},{"value":"home_3","label":"Home 3"},{"value":"home_4","label":"Home 4"},{"value":"home_5","label":"Home 5"}],"default":"home_1"},{"type":"select","id":"type_footer","label":"Select Footer type","options":[{"value":"footer_1","label":"Footer 1"},{"value":"footer_2","label":"Footer 2"},{"value":"footer_3","label":"Footer 3"},{"value":"footer_4","label":"Footer 4"},{"value":"footer_5","label":"Footer 5"},{"value":"footer_6","label":"Footer 6"},{"value":"footer_7","label":"Footer 7"},{"value":"footer_8","label":"Footer 8"}],"default":"footer_1"},{"type":"header","content":"Sidebar Config"},{"type":"select","id":"type_sidebar_blog","label":"Select sidebar blogs type","options":[{"value":"sidebar_left","label":"Sidebar on left"},{"value":"sidebar_right","label":"Sidebar on right"},{"value":"sidebar_hidden","label":"Hidden Sidebar"}],"default":"sidebar_left"},{"type":"select","id":"type_sidebar_article","label":"Select sidebar article type","options":[{"value":"sidebar_left","label":"Sidebar on left"},{"value":"sidebar_right","label":"Sidebar on right"},{"value":"sidebar_hidden","label":"Hidden Sidebar"}],"default":"sidebar_left"},{"type":"select","id":"type_sidebar","label":"Select sidebar collection type","options":[{"value":"sidebar_left","label":"Sidebar on left"},{"value":"sidebar_right","label":"Sidebar on right"},{"value":"sidebar_hidden","label":"Hidden Sidebar"}],"default":"sidebar_left"},{"type":"select","id":"type_sidebar_product","label":"Select sidebar product type","options":[{"value":"sidebar_left","label":"Sidebar on left"},{"value":"sidebar_right","label":"Sidebar on right"},{"value":"sidebar_hidden","label":"Hidden Sidebar"}],"default":"sidebar_left"},{"type":"header","content":"Product Item Config"},{"type":"checkbox","id":"show_rating","label":"Show rating","default":false},{"type":"checkbox","id":"quickview_enable","label":"Enable Quick View","default":true},{"type":"checkbox","id":"wishlist_enable","label":"Enable Wishlist","default":true},{"type":"checkbox","id":"vendor_enable","label":"Enable Vendor","default":false},{"type":"text","id":"img_size","label":"Product Image Size Default","info":"Example: 270x360"},{"type":"text","id":"img_size_large","label":"Product Image Size Large","info":"Example: 570x760"},{"type":"header","content":"Newsletter Popup"},{"type":"checkbox","id":"show_newsletter_popup","label":"Show Newsletter Popup","default":true},{"type":"text","id":"title_newsletter","label":"Title Newsletter Popup","default":"Newsletter"},{"type":"text","id":"desc_newsletter","label":"Description Newsletter Popup","default":"Sign up for newsletter to receive special offers and exclusive news about FreshMart products"},{"type":"text","id":"button_newsletter","label":"Button text","default":"Subscribe"},{"type":"text","id":"notify_newsletter","label":"Notify text","default":"Don't show this popup again"},{"type":"image_picker","id":"bg_newsletter","label":"Background Newsletter"}]},{"name":"Vinova Main Menu","settings":[{"type":"select","id":"mobile_mainmenu_type","label":"Mobile Menu Type","default":"canvas","options":[{"value":"canvas","label":"Canvas"},{"value":"dropdown","label":"Dropdown"}]}]},{"name":"Vinova Block Currency","settings":[{"type":"checkbox","id":"show_multiple_currencies","label":"Show Currency Selector","default":true},{"type":"text","id":"title_currency","label":"Title","default":"Currency:"},{"type":"paragraph","content":"Write ISO 4217 Currency Codes [Click here](http:\/\/www.xe.com\/currency). Your currencies name: icon [Click here](http:\/\/xe.com\/symbols.php), text."},{"type":"textarea","id":"supported_currencies","label":"Currencies you wish to support","default":"USD, ($) US Dollars | EUR, (€) Euro | GBP, (£) British Pounds","info":"Example: USD, ($) US Dollars | EUR, (€) Euro | GBP, (£) British Pounds"}]},{"name":"Vinova Block Language","settings":[{"type":"checkbox","id":"show_multiple_language","label":"Show Language Selector","default":true},{"type":"text","id":"title_language","label":"Title","default":"Language:"}]},{"name":"Vinova Cart page","settings":[{"type":"checkbox","id":"cart_notes_enable","label":"Enable cart notes"},{"type":"checkbox","id":"cart_vendor_enable","label":"Show product vendor"},{"type":"select","id":"ajax_cart_method","label":"Cart type","options":[{"value":"drawer","label":"Drawer"},{"value":"page","label":"Page"},{"value":"pop_up","label":"Popup"}]}]},{"name":"Vinova Favicon","settings":[{"type":"image_picker","id":"favicon","label":"Favicon image","info":"Will be scaled down to 32 x 32px"}]}]