{"current":{"theme_color_default":"#78b144","theme_color_primary":"#3ba66b","color_body":"rgba(0,0,0,0)","heading_text":"#222222","second_heading_text":"#909090","sub_heading_text":"#666666","color_body_text":"#666666","color_menu":"#ffffff","color_menu_sticky":"#222222","color_sub_menu":"#666666","color_title_megamenu":"#222222","color_borders":"#e6e6e6","color_button":"#78b144","color_button_hover":"#3ba66b","color_button_text":"#ffffff","type_header_family":"playfair_display_n4","type_base_family":"roboto_n4","type_base_size":13,"share_facebook":true,"share_twitter":true,"share_pinterest":true,"social_twitter_link":"https:\/\/twitter.com\/vinovatheme","social_facebook_link":"https:\/\/facebook.com\/vinovatheme","social_pinterest_link":"https:\/\/pinterest.com\/vinovatheme","social_instagram_link":"https:\/\/instagram.com\/vinovatheme","social_dribbble_link":"#","social_google_link":"","social_linkedin_link":"","social_tumblr_link":"","social_snapchat_link":"","social_youtube_link":"","social_vimeo_link":"","type_sidebar_blog":"sidebar_left","type_sidebar_article":"sidebar_left","type_sidebar":"sidebar_left","type_sidebar_product":"tab_desc","show_newsletter_popup":true,"title_newsletter":"Newsletter","desc_newsletter":"Sign up for newsletter to receive special offers and exclusive  news about Minimart products","button_newsletter":"Subscribe","notify_newsletter":"Don’t show this popup again","bg_newsletter":"shopify:\/\/shop_images\/bg-subscribe.png","enable_rtl":false,"show_multiple_currencies":true,"title_currency":"","supported_currencies":"USD, USD | EUR, EUR | GBP, GBP","breadcrumbs_enable":true,"background_image":"shopify:\/\/shop_images\/breacrumb_c5e285e3-31f2-48ad-a81b-7011a0c531b5.jpg","image_overlay_opacity":0,"color_text_head":"#ffffff","title_alignment":"justify-content-center","distance_top":"120px","distance_bottom":"90px","time_newproduct":3,"br_pi":10,"color_product_item":"rgba(0,0,0,0)","color_product_name":"#444444","color_price":"#78b144","color_reduced_price":"#c4c4c4","color_badge_new":"#8ac21e","color_badge_sale":"#ff6868","color_product_icon":"#ffffff","show_rating":true,"quickview_enable":true,"wishlist_enable":true,"payment_button_enable":true,"tooltip_enable":true,"countdown":"shopify:\/\/shop_images\/bg_countdown.png","freeshipping_enable":true,"free_shipping":"1000","mini_cart_type":"canvas","collec_1_name":"Vegetables","collec_1":"shopify:\/\/collections\/vegetables","collec_2_name":"Fruits","collec_2":"shopify:\/\/collections\/fruits","collec_3_name":"Juices","collec_3":"shopify:\/\/collections\/juices","favicon":"shopify:\/\/shop_images\/favicon.png","checkout_header_image":"","checkout_logo_image":"shopify:\/\/shop_images\/logo.png","checkout_logo_position":"left","checkout_logo_size":"large","checkout_body_background_image":"","checkout_body_background_color":"#ffffff","checkout_input_background_color_mode":"white","checkout_sidebar_background_image":"","checkout_sidebar_background_color":"#e8f3f6","checkout_heading_font":"Roboto","checkout_body_font":"Source Sans Pro","checkout_accent_color":"#1990c6","checkout_button_color":"#23314e","checkout_error_color":"#ff6d6d","cart_notes_enable":true,"cart_vendor_enable":false,"ajax_cart_method":"pop_up","show_key_trend":false,"key_trend_1":"Bread","link_1":"shopify:\/\/collections\/bread","key_trend_2":"Tea","link_2":"shopify:\/\/collections\/tea","key_trend_3":"Juices","link_3":"shopify:\/\/collections\/juices","key_trend_4":"Vegetables","link_4":"shopify:\/\/collections\/vegetables","key_trend_5":"","key_trend_6":"","img_size":"425x","img_size_large":"260x","size_women":"shopify:\/\/shop_images\/women.png","size_men":"shopify:\/\/shop_images\/men.png","account_type":"canvas","img_canvas_account":"shopify:\/\/shop_images\/logo.png","img_canvas_account_link":"#","size_text_head":"32px","color_text_head_hover":"#f08068","type_header_base_size":24,"vendor_enable":false,"color_product_addtocart":"#222222","color_text":"#909090","theme_color_success":"#046b41","theme_color_hover":"#fc8f2f","color_input":"#cccbcb","color_default":"#000000","sub_heading_menu":"#222222","color_body_bg":"#ffffff","mobile_mainmenu_type":"canvas","color_sale_text":"#000000","heading_hover":"#fd6666","color_small_button":"#878787","color_small_button_text":"#ffffff","color_text_field":"#fff","color_text_field_text":"#000000","color_icon_font":"#383838","color_image_overlay_text":"#fff","color_image_overlay":"#3d4246","menu_link":"#444444","show_multiple_language":false,"title_language":"Language:","color_bg_product":"#f5f5f5","social_twitter_image":"shopify:\/\/shop_images\/tw_40x_bdf1b78a-35a0-4799-916c-f1d53e9e92b8.png","social_facebook_image":"shopify:\/\/shop_images\/facebook.png","social_dribbble_image":"shopify:\/\/shop_images\/dribbble_40x_b118f5e7-4fc5-4827-9b2a-eeabd2a86eb1.png","social_pinterest_image":"","social_instagram_image":"shopify:\/\/shop_images\/instagram.png","social_tumblr_image":"","social_snapchat_image":"","social_youtube_image":"","social_vimeo_image":"","enable_iconmenumain":false,"icon_menumain_1":"","icon_menumain_2":"","icon_menumain_3":"","icon_menumain_4":"","icon_menumain_5":"","icon_menumain_6":"","icon_menumain_7":"","icon_menumain_8":"","icon_menumain_9":"","icon_menumain_10":"","sections":{"nov-sidebar":{"type":"nov-sidebar","blocks":{"1523617300550":{"type":"block_filter","settings":{"block_class":"","filter_type":true,"filter_vendor":true,"filter_tags":true,"filter_size":true,"filter_size_value":"S, M, L, XL","filter_color":true,"filter_color_value":"darkslateblue, gray, red, lightblue, black, orange, honeydew, lightsalmon, white, darkorange, antiquewhite, brown","filter_price":true,"filter_price_value":"$10 - $20, $20 - $40, $40 - $60, $60 - $80"}}},"block_order":["1523617300550"],"settings":{}},"collection-template":{"type":"collection-template","settings":{"products_per_page":12,"sort_enable":true,"show_tags":false}},"nov-sidebar-article":{"type":"nov-sidebar-article","blocks":{"1522144034842":{"type":"block_categories","settings":{"sidebar_categories_title":"Categories","sidebar_categories_class":"","sidebar_categories_menu":"category"}},"1522144043288":{"type":"block_recentpost","settings":{"block_title":"Recent post","block_class":"","number_show":4,"show_date":true,"show_comment":false,"show_author":false,"show_excerpt":false,"show_more":false}},"1522144057088":{"type":"block_blogtags","settings":{"block_title":"Blog Tags","block_class":"","number_show":10}}},"block_order":["1522144034842","1522144043288","1522144057088"],"settings":{}},"blog-template":{"type":"blog-template","settings":{"layout":"grid","blog_show_author":true,"blog_show_date":true,"blog_show_comment":true,"page_show_list":5,"page_show_column":4,"page_show_grid":3}},"nov-sidebar-detail":{"type":"nov-sidebar-detail","blocks":{"1522994949788":{"type":"block_categories","settings":{"sidebar_categories_title":"Categories","sidebar_categories_class":"","sidebar_categories_menu":""}},"1522994844112":{"type":"block_productlist","settings":{"sidebar_productlist_title":"Best sellers","sidebar_productlist_class":"","sidebar_collection":"","number_show":3}},"1522994963120":{"type":"block_producttags","settings":{"block_title":"Product Tags","block_class":"","number_show":20}}},"block_order":["1522994949788","1522994844112","1522994963120"],"settings":{}},"nov-product-template":{"type":"nov-product-template","blocks":{"1600059348586":{"type":"block_text","settings":{"custom_title":"Delivery policy","custom_content":"<p><strong>Lorem ipsum dolor sit amet<\/strong><\/p>\n<p><br><\/p>\n<p>Vivamus a placerat dolor. Proin ut vehicula mauris. Etiam sagittis augue ipsum. Aliquam vestibulum massa nulla, ullamcorper aliquam diam feugiat vel. Fusce porttitor ultrices ante, posuere vehicula lacus tempor eu. Sed et purus et massa mattis aliquet ac vel dolor. Pellentesque eros lectus, placerat nec finibus ac, lobortis eu risus.<\/p>\n<p><\/p>\n<p>Donec fringilla metus ligula, sit amet fermentum ex laoreet non<\/p>\n<p><br><\/p>\n<p>- Ribbed and double stitched collar and armholes<\/p>\n<p>- High-density fabric for vivid print clarity<\/p>\n<p>- Machine-wash safeSingle right rear button flap pocket<\/p>\n<p>- Products are proudly printed in the United States<\/p>\n<p><br><\/p>\n<p>Curabitur egestas suscipit odio. Nam vitae aliquam dui<\/p>\n<p><\/p>\n<p>in laoreet elit. In posuere augue id velit placerat, vitae porttitor leo aliquet. Aenean non ligula sed lorem eleifend aliquam. Morbi posuere faucibus viverra. Proin ullamcorper, lorem lacinia cursus finibus.<\/p>"}},"1600059475832":{"type":"block_text","settings":{"custom_title":"Returns & Exchanges Policy","custom_content":"<p><em><strong>Nullam at mi accumsan, fermentum turpis at, hendrerit tortor<\/strong><\/em><\/p>\n<p><br><\/p>\n<p>Vivamus commodo magna rutrum ipsum convallis luctus. Maecenas sollicitudin tincidunt sem at consectetur. Sed ligula elit, sodales feugiat porttitor non, commodo in ipsum. Donec vehicula orci et pharetra laoreet. Donec feugiat, nibh ac ornare hendrerit, dui augue semper felis, a finibus dui felis quis magna. Curabitur a ligula purus. Suspendisse vestibulum lorem non tellus aliquet blandit.<\/p>\n<p>Proin cursus sollicitudin scelerisque. Donec ultrices elit quis magna lobortis porttitor. Quisque et consectetur mauris. Sed facilisis malesuada ante eget blandit. Class aptent taciti sociosqu ad litora torquent per conubia nostra, per inceptos himenaeos. Pellentesque rutrum mattis ex ac sagittis. Nulla convallis euismod ipsum, a mollis sapien fringilla eget. Nam dignissim ornare nisi, in bibendum nibh auctor id.<\/p>\n<p>Quisque dictum justo id velit dapibus, id mollis diam tincidunt. Donec luctus tincidunt ultrices. Sed condimentum ante accumsan, sagittis lorem quis, dictum enim. Nam et facilisis odio. Ut iaculis dui non interdum accumsan. Lorem ipsum dolor sit amet, consectetur adipiscing elit. Fusce lacus sem, molestie non convallis nec, tristique a lacus. Proin eget lacus semper dui imperdiet accumsan. Morbi sagittis erat ac justo congue, a ornare tortor mollis. Aenean eu vulputate diam. Praesent suscipit ex non elit finibus ultricies.<\/p>"}}},"block_order":["1600059348586","1600059475832"],"settings":{"show_notes":true,"show_quantity_selector":true,"product_swatch_enable":true,"show_share":true,"show_vendor":false,"show_sku":true,"show_categories":true,"show_tags":true,"show_available":false,"show_des":true,"enable_zoom":true,"show_related":true,"show_description":true,"show_review":true,"show_payments":true,"title_payments":"Guaranteed safe checkout:","size_title":"10px","color_title_payments":"#222222","payments":"shopify:\/\/shop_images\/payment.png","time":"Orders ship within 5 to 10 business days.","size_time":"12px","color_time":"#494949","truck":"<strong>Hoorey<\/strong> ! This item ships free to the US","size_truck":"12px","color_truck":"#494949","background_color":""}},"list-collections-template":{"type":"list-collections-template","blocks":{"1523246702524":{"type":"collection","settings":{"collection":""}},"1523246716784":{"type":"collection","settings":{"collection":""}}},"block_order":["1523246702524","1523246716784"],"settings":{"display_type":"all","sort":"alphabetical","grid":"4"}},"cart-template":{"type":"cart-template","settings":{"cart_notes_enable":true}},"nov-page404":{"type":"nov-page404","settings":{"title":"Page Not found","subheading":"We’re sorry — something has gone wrong on our end.","desc":"If difficulties persist, please contact the System Administrator of this site and report the error below..","background_color":"#00426f","image":"shopify:\/\/shop_images\/404-1.png"}},"nov-map":{"type":"nov-map","settings":{"iframe_map":"https:\/\/www.google.com\/maps\/embed?pb=!1m18!1m12!1m3!1d4082.7742465747338!2d-79.38287617561478!3d43.64905556573276!2m3!1f0!2f0!3f0!3m2!1i1024!2i768!4f13.1!3m3!1m2!1s0x882b34d2a57d767f%3A0x935ab2eb9fd5fb31!2sFirst%20Canadian%20Place!5e0!3m2!1svi!2s!4v1591603052999!5m2!1svi!2s","has_fullwidth":false,"class":"","distance_top":"30px","distance_bottom":"30px"}},"nov-slideshow":{"type":"nov-slideshow","blocks":{"1528274241275":{"type":"image","settings":{"image":"","caption_1":"<i>Headlight & Tire<\/i>","color_cap1":"#ffffff","cap_animate_1":"fadeInLeft","caption_2":"Only $300","color_cap2":"#ffffff","cap_animate_2":"fadeInRight","slider_link":"#","text_align":"left"}},"1528433230156":{"type":"image","settings":{"image":"","caption_1":"<i>Brake Systems<\/i>","color_cap1":"#ffffff","cap_animate_1":"fadeInDown","caption_2":"Best Choice","color_cap2":"#ffffff","cap_animate_2":"fadeInLeft","slider_link":"#","text_align":"left"}},"1528433236151":{"type":"image","settings":{"image":"","caption_1":"<i>Headlights<\/i>","color_cap1":"#ff1e1e","cap_animate_1":"fadeInLeft","caption_2":"Best Choice","color_cap2":"#ffffff","cap_animate_2":"fadeInDown","slider_link":"#","text_align":"left"}}},"block_order":["1528274241275","1528433230156","1528433236151"],"settings":{"autoplay":false,"autoplay_speed":"4000","arrows":false,"has_fullwidth":true,"distance_top":"0","distance_bottom":"40px"}},"nov-gallery-image":{"type":"nov-gallery-image","blocks":{"1529143775247":{"type":"image","settings":{"image":"","cta_label":"","link":"","class":""}}},"block_order":["1529143775247"],"settings":{"title":"<p>Vinova Products Slider<\/p>","subheading":"<p>Subtitle from happy customers<\/p>","title_alignment":"text-left","spacing":"0","background_color":"","has_fullwidth":true,"class_section":"","distance_top":"30px","distance_bottom":"30px"}},"nov-blog":{"type":"nov-blog","settings":{"subheading":"","blog":"news","grid_number":1,"limit":8,"spacing":5,"show_image":true,"blog_show_comments":false,"blog_show_author":false,"blog_show_date":true,"blog_show_excerpt":false,"show_view_all":false,"show_dots":true,"show_nav":false,"has_fullwidth":true,"background_color":"","background_image":"","class":"","distance_top":"0","distance_bottom":"80px"}},"nov-testimonials":{"type":"nov-testimonials","blocks":{"1528359746051":{"type":"quote","settings":{"quote":"<p>Lorem ipsum dolor sit amet, consectetur adipiscing elit, sed do eiu smod tempor incidi dunt ut labore et dolore magna aliqua<\/p>","info_other":"Hairstyle"}},"1528359357351":{"type":"quote","settings":{"quote":"<p>Lorem ipsum dolor sit amet, consectetur adipiscing elit, sed do eiu smod tempor incidi dunt ut labore et dolore magna aliqua<\/p>","info_other":"Australia"}},"1528359736752":{"type":"quote","settings":{"quote":"<p>Lorem ipsum dolor sit amet, consectetur adipiscing elit, sed do eiu smod tempor incidi dunt ut labore et dolore magna aliqua<\/p>","info_other":"American"}}},"block_order":["1528359746051","1528359357351","1528359736752"],"settings":{"subheading":"","title_alignment":"text-left","spacing":"","show_avatar":true,"full_width":true,"background_color":"#f1efe8","background_image":"","class":"","distance_top":"30px","distance_bottom":"30px"}},"nov-manufacture":{"type":"nov-manufacture","blocks":{"1528360735012":{"type":"logo_image","settings":{"image":"","link":""}},"1528361007518":{"type":"logo_image","settings":{"image":"","link":""}},"1528361022544":{"type":"logo_image","settings":{"image":"","link":""}},"1528361033903":{"type":"logo_image","settings":{"image":"","link":""}},"1528361042661":{"type":"logo_image","settings":{"image":"","link":""}},"1528361050747":{"type":"logo_image","settings":{"image":"","link":""}}},"block_order":["1528360735012","1528361007518","1528361022544","1528361033903","1528361042661","1528361050747"],"settings":{"limit":8,"has_fullwidth":true,"background_color":"","background_image":"","class":"","distance_top":"30px","distance_bottom":"30px"}},"nov-newsletter":{"type":"nov-newsletter","settings":{"subheading":"<p>Sign up for newsletter to receive special offers<\/p>","icon_newsletter":"","full_width":false,"background_color":"","background_image":"","distance_top":"30px","distance_bottom":"30px"}},"article-template":{"type":"article-template","settings":{"blog_show_image_feature":true,"blog_show_author":true,"blog_show_date":true,"show_share_buttons":true}},"nov-page-contact":{"type":"nov-page-contact","settings":{"iframe_map":"https:\/\/www.google.com\/maps\/embed?pb=!1m18!1m12!1m3!1d4082.7742465747338!2d-79.38287617561478!3d43.64905556573276!2m3!1f0!2f0!3f0!3m2!1i1024!2i768!4f13.1!3m3!1m2!1s0x882b34d2a57d767f%3A0x935ab2eb9fd5fb31!2sFirst%20Canadian%20Place!5e0!3m2!1svi!2s!4v1591603052999!5m2!1svi!2s","t_contact":"Call us","st_contact":"Send us a text & an ambassador will respond when available.","contact":"1-814-251-9966","t_address":"Address","addr":"PO Box 1622 Vissaosang Street West","maill":"info@example.com","t_open":"WE'RE OPEN","st_open":"Our store has re-opened for shopping, exchanges","time_open":"Every day 11am to 7pm","social":true,"t_s":"SOCIAL MEDIA","title_contact_message":"GET IN TOUCH"}},"nov-header":{"type":"nov-header","blocks":{"73393400-4d45-448e-b578-d87c876cb9fa":{"type":"text","settings":{"novmenu_item":"Pages","submenu_width":"","submenu_full_width":true,"novmenu_menu_enable":true,"novmenu_xl":"col-xl-8","novmenu_lg":"col-lg-8","submenu_xl":"col-xl-4","submenu_lg":"col-lg-4","novmenu_banner_enable1":true,"banner_1_xl":"col-xl-4","banner_1_lg":"col-lg-4","image_size1":"445x350","novmenu_banner1":"shopify:\/\/shop_images\/mega-2_397de1d9-0595-40df-9a34-7af4164fc857.jpg","novmenu_banner_link1":"#","class_bn1":"mt-sm-30","novmenu_banner_enable2":false,"banner_2_xl":"col-xl-4","banner_2_lg":"col-lg-4","image_size2":"255x300","novmenu_banner_link2":"","class_bn2":"","novmenu_banner_enable3":false,"banner_3_xl":"col-xl-4","banner_3_lg":"col-lg-4","image_size3":"255x300","novmenu_banner_link3":"","class_bn3":"","collection_enable":false,"collection_xl":"col-xl-3","collection_lg":"col-lg-3","name_collec_1":"Best Sellers","link_1":"","name_collec_2":"New Arrival","link_2":"","name_collec_3":"Top Trending","link_3":"","name_collec_4":"Top Trending","link_4":"","name_collec_5":"Denim Collection","link_5":"","product_enable":false,"product_xl":"col-xl-4","product_lg":"col-lg-4","title_product":"Featured Product","product_1":"","product_2":"","product_3":"","autoplay":true,"show_dots":true}},"0c786e3e-f24d-46da-ab9b-4ec28c814671":{"type":"text","settings":{"novmenu_item":"Vegetables","submenu_width":"900","submenu_full_width":true,"novmenu_menu_enable":true,"novmenu_xl":"col-xl-6","novmenu_lg":"col-lg-6","submenu_xl":"col-xl-6","submenu_lg":"col-lg-6","novmenu_banner_enable1":false,"banner_1_xl":"col-xl-3","banner_1_lg":"col-lg-4","image_size1":"255x300","novmenu_banner_link1":"#","class_bn1":"","novmenu_banner_enable2":false,"banner_2_xl":"col-xl-4","banner_2_lg":"col-lg-4","image_size2":"255x300","novmenu_banner_link2":"","class_bn2":"","novmenu_banner_enable3":false,"banner_3_xl":"col-xl-4","banner_3_lg":"col-lg-4","image_size3":"255x300","novmenu_banner_link3":"","class_bn3":"","collection_enable":true,"collection_xl":"col-xl-3","collection_lg":"col-lg-3","name_collec_1":"Best Sellers","link_1":"shopify:\/\/collections\/electronics","name_collec_2":"New Arrival","link_2":"shopify:\/\/collections\/fridge","name_collec_3":"Top Trending","link_3":"shopify:\/\/collections\/gaming-gear","name_collec_4":"On sale","link_4":"shopify:\/\/collections\/laptop","name_collec_5":"Denim Collection","link_5":"shopify:\/\/collections\/smart-phone","product_enable":true,"product_xl":"col-xl-2","product_lg":"col-lg-2","title_product":"Featured Product","product_1":"organic-strawberry-fruits-4","product_2":"organic-strawberry-fruits-13","product_3":"organic-strawberry-fruits-10","autoplay":true,"show_dots":false}},"9df9c4e5-e744-4578-b672-1acdb3128c04":{"type":"text","settings":{"novmenu_item":"Features","submenu_width":"","submenu_full_width":true,"novmenu_menu_enable":true,"novmenu_xl":"col-xl-6","novmenu_lg":"col-lg-6","submenu_xl":"col-xl-6","submenu_lg":"col-lg-6","novmenu_banner_enable1":true,"banner_1_xl":"col-xl-3","banner_1_lg":"col-lg-3","image_size1":"330x586","novmenu_banner1":"shopify:\/\/shop_images\/mega-1.jpg","novmenu_banner_link1":"","class_bn1":"","novmenu_banner_enable2":false,"banner_2_xl":"col-xl-4","banner_2_lg":"col-lg-4","image_size2":"255x300","novmenu_banner_link2":"","class_bn2":"","novmenu_banner_enable3":false,"banner_3_xl":"col-xl-4","banner_3_lg":"col-lg-4","image_size3":"255x300","novmenu_banner_link3":"","class_bn3":"","collection_enable":true,"collection_xl":"col-xl-3","collection_lg":"col-lg-3","name_collec_1":"Best Sellers","link_1":"shopify:\/\/collections\/electronics","name_collec_2":"New Arrival","link_2":"shopify:\/\/collections\/fridge","name_collec_3":"Top Trending","link_3":"shopify:\/\/collections\/gaming-gear","name_collec_4":"On sale","link_4":"shopify:\/\/collections\/smart-phone","name_collec_5":"Denim Collection","link_5":"shopify:\/\/collections\/smart-watch","product_enable":false,"product_xl":"col-xl-2","product_lg":"col-lg-4","title_product":"Featured Product","product_1":"","product_2":"","product_3":"","autoplay":true,"show_dots":true}}},"block_order":["73393400-4d45-448e-b578-d87c876cb9fa","0c786e3e-f24d-46da-ab9b-4ec28c814671","9df9c4e5-e744-4578-b672-1acdb3128c04"],"settings":{"background_t":"#78b144","hd_t":"#ffffff","background_color":"#ffffff","background_m":"#ffffff","c_icon_m":"#444444","background_color_sticky":"#ffffff","logo":"shopify:\/\/shop_images\/logo_freshmart.png","w_logo":166,"logo_mobile":"shopify:\/\/shop_images\/logo_freshmart_d19d2869-5ebd-4b8d-a95d-0c63b4e0f8ab.png","wm_logo":100,"email":"","skype":"","stickymenu":true,"novmenu_enable":true,"show_icons":true,"main_linklist":"menu-home-1"}},"nov-footer":{"type":"nov-footer","blocks":{"2366dd4b-5093-4319-8357-c5b9021d1dc2":{"type":"block_contact","settings":{"block_title":"","img":"shopify:\/\/shop_images\/logo-footer.png","contact_address":"23 Suspendis matti, Visaosang Building  VST  District, NY Accums, North American","contact_phone":"0123-456-78910","contact_phone_2":"0987-654-32100","contact_email":"support@domain.com","contact_email_2":"bibostore@domain.com","block_class":"mb-md-40","grid_xl":"col-xl-4","grid":"col-lg-4","grid_tablet":"col-md-8","grid_mobile":"col-sm-12","grid_mobiles":"col-12"}},"e48f3106-2a7e-4078-8b8c-f4581b5847c1":{"type":"block_insta","settings":{"block_title":"Photo instagram","img1":"shopify:\/\/shop_images\/ins1.jpg","img2":"shopify:\/\/shop_images\/ins2.jpg","img3":"shopify:\/\/shop_images\/ins3.jpg","img4":"shopify:\/\/shop_images\/ins4.jpg","img5":"shopify:\/\/shop_images\/ins5.jpg","img6":"shopify:\/\/shop_images\/ins6.jpg","img7":"shopify:\/\/shop_images\/ins7.jpg","img8":"shopify:\/\/shop_images\/ins8.jpg","block_class":"mb-sm-30 mb-xs-0","grid_xl":"col-xl-4","grid":"col-lg-4","grid_tablet":"col-md-6","grid_mobile":"col-sm-12","grid_mobiles":"col-12"}},"20d065b2-cbad-4d77-a1b7-6e1409edd222":{"type":"block_newsletter","settings":{"block_title":"Newsletter","newsletter_des":"Sign up for newsletter to receive special offers and exclusive news about FreshMart products","social":true,"block_class":"","grid_xl":"col-xl-4","grid":"col-lg-4","grid_tablet":"col-md-6","grid_mobile":"col-sm-12","grid_mobiles":"col-12"}},"49676e93-8d92-4455-9798-fc2df9c59e2f":{"type":"policy","settings":{"icon":"shopify:\/\/shop_images\/Layer_12.png","title":"Free Shipping item","desc":"Proin gravida nibh vel velit auctor aliquet. Aenean lorem quis bibendum auctor","xl":"col-xl-4","lg":"col-lg-4","md":"col-md-4","sm":"col-sm-12","xs":"col-12"}},"2279fcb3-8aec-45e9-9b79-f88457ff970f":{"type":"policy","settings":{"icon":"shopify:\/\/shop_images\/Layer_13.png","title":"Secured Payment","desc":"Proin gravida nibh vel velit auctor aliquet. Aenean lorem quis bibendum auctor","xl":"col-xl-4","lg":"col-lg-4","md":"col-md-4","sm":"col-sm-12","xs":"col-12"}},"697fbfd4-d904-4463-afd4-e8f46b000360":{"type":"policy","settings":{"icon":"shopify:\/\/shop_images\/Layer_14.png","title":"Money Back Guarantee","desc":"Proin gravida nibh vel velit auctor aliquet. Aenean lorem quis bibendum auctor","xl":"col-xl-4","lg":"col-lg-4","md":"col-md-4","sm":"col-sm-12","xs":"col-12"}}},"block_order":["2366dd4b-5093-4319-8357-c5b9021d1dc2","e48f3106-2a7e-4078-8b8c-f4581b5847c1","20d065b2-cbad-4d77-a1b7-6e1409edd222","49676e93-8d92-4455-9798-fc2df9c59e2f","2279fcb3-8aec-45e9-9b79-f88457ff970f","697fbfd4-d904-4463-afd4-e8f46b000360"],"settings":{"color_t":"#222222","color":"#666666","bg_copy":"#ffffff","background_color":"#f7f6f2","policy":true,"c_policy":"#444444","social":true,"bg_social":"#b9b190","copyright":"Copyright © 2021 Vinovathemes. All rights reserved.","payment":"shopify:\/\/shop_images\/payment.png"}},"nov-policy":{"type":"nov-policy","blocks":{"1577775924282":{"type":"item_policy","settings":{"policy_icon":"","title_policy":"Free Delivery From over order $ 250","desc_policy":""}},"1577775930456":{"type":"item_policy","settings":{"policy_icon":"","title_policy":"Money back GUARANTEED","desc_policy":""}},"1577775933242":{"type":"item_policy","settings":{"policy_icon":"","title_policy":"cash on delivery From $ 50","desc_policy":""}}},"block_order":["1577775924282","1577775930456","1577775933242"],"settings":{"has_fullwidth":true,"background_color":"","background_image":"","class":"","distance_top":"18px","distance_bottom":"16px"}},"password-header":{"type":"password-header","settings":{"logo_max_width":"300","header":"Coming Soon"}},"password-content":{"type":"password-content","settings":{"newsletter_enable":true,"newsletter_form_heading":"Be the first to know when we launch.","newsletter_placeholder":"Email address","newsletter_button_text":"Notify me"}},"password-footer":{"type":"password-footer","settings":{"show_share_buttons":true,"social_message":"Spread the word"}},"nov-page-faqs":{"type":"nov-page-faqs","blocks":{"1600049089505":{"type":"faq","settings":{"item_title":"Sed est elit posuere ac semper at hendrerit a neque?","item_content":"Lorem ipsum dolor sit amet, consectetur adipiscing elit. Sed ac pretium metus. Curabitur velit sem, egestas sit amet dolor nec, tristique vulputate enim. Etiam a lorem libero. In egestas ultricies convallis. Sed iaculis arcu id justo dapibus pharetra. Maecenas et aliquam eros, sit amet volutpat nisi. Duis feugiat mattis maximus. Nulla sollicitudin lorem vitae neque ultricies efficitur. Sed pulvinar tellus enim, non tincidunt nisl imperdiet quis. Maecenas maximus lorem eu justo tincidunt mollis"}},"1600049113929":{"type":"faq","settings":{"item_title":"Why Lorem ipsum dolor sit amet ?","item_content":"Lorem ipsum dolor sit amet, consectetur adipiscing elit. Sed ac pretium metus. Curabitur velit sem, egestas sit amet dolor nec, tristique vulputate enim. Etiam a lorem libero. In egestas ultricies convallis. Sed iaculis arcu id justo dapibus pharetra. Maecenas et aliquam eros, sit amet volutpat nisi. Duis feugiat mattis maximus. Nulla sollicitudin lorem vitae neque ultricies efficitur. Sed pulvinar tellus enim, non tincidunt nisl imperdiet quis. Maecenas maximus lorem eu justo tincidunt mollis"}},"1600049126585":{"type":"faq","settings":{"item_title":"What maecenas commodo mi urna, quis accumsan ligula gravida at ?","item_content":"Lorem ipsum dolor sit amet, consectetur adipiscing elit. Sed ac pretium metus. Curabitur velit sem, egestas sit amet dolor nec, tristique vulputate enim. Etiam a lorem libero. In egestas ultricies convallis. Sed iaculis arcu id justo dapibus pharetra. Maecenas et aliquam eros, sit amet volutpat nisi. Duis feugiat mattis maximus. Nulla sollicitudin lorem vitae neque ultricies efficitur. Sed pulvinar tellus enim, non tincidunt nisl imperdiet quis. Maecenas maximus lorem eu justo tincidunt mollis"}},"1600049137018":{"type":"faq","settings":{"item_title":"Integer venenatis suscipit urna id imperdiet. In et mi quis sapien tristique sodales sit amet nec justo ?","item_content":"Lorem ipsum dolor sit amet, consectetur adipiscing elit. Sed ac pretium metus. Curabitur velit sem, egestas sit amet dolor nec, tristique vulputate enim. Etiam a lorem libero. In egestas ultricies convallis. Sed iaculis arcu id justo dapibus pharetra. Maecenas et aliquam eros, sit amet volutpat nisi. Duis feugiat mattis maximus. Nulla sollicitudin lorem vitae neque ultricies efficitur. Sed pulvinar tellus enim, non tincidunt nisl imperdiet quis. Maecenas maximus lorem eu justo tincidunt mollis"}},"1600049150025":{"type":"faq","settings":{"item_title":"Donec lobortis dolor a arcu auctor tincidunt ac fermentum enim ?","item_content":"Lorem ipsum dolor sit amet, consectetur adipiscing elit. Sed ac pretium metus. Curabitur velit sem, egestas sit amet dolor nec, tristique vulputate enim. Etiam a lorem libero. In egestas ultricies convallis. Sed iaculis arcu id justo dapibus pharetra. Maecenas et aliquam eros, sit amet volutpat nisi. Duis feugiat mattis maximus. Nulla sollicitudin lorem vitae neque ultricies efficitur. Sed pulvinar tellus enim, non tincidunt nisl imperdiet quis. Maecenas maximus lorem eu justo tincidunt mollis"}},"1600049160417":{"type":"faq","settings":{"item_title":"Maecenas vitae placerat metus ?","item_content":"Lorem ipsum dolor sit amet, consectetur adipiscing elit. Sed ac pretium metus. Curabitur velit sem, egestas sit amet dolor nec, tristique vulputate enim. Etiam a lorem libero. In egestas ultricies convallis. Sed iaculis arcu id justo dapibus pharetra. Maecenas et aliquam eros, sit amet volutpat nisi. Duis feugiat mattis maximus. Nulla sollicitudin lorem vitae neque ultricies efficitur. Sed pulvinar tellus enim, non tincidunt nisl imperdiet quis. Maecenas maximus lorem eu justo tincidunt mollis"}},"1600049170281":{"type":"faq","settings":{"item_title":"Vestibulum nulla velit, tincidunt id neque sed ?","item_content":"volutpat nisi. Duis feugiat mattis maximus. Nulla sollicitudin lorem vitae neque ultricies efficitur. Sed pulvinar tellus enim, non tincidunt nisl imperdiet quis. Maecenas maximus lorem eu justo tincidunt mollis"}},"1600049181962":{"type":"faq","settings":{"item_title":"Sed est elit posuere ac semper at hendrerit a neque?","item_content":"Lorem ipsum dolor sit amet, consectetur adipiscing elit. Sed ac pretium metus. Curabitur velit sem, egestas sit amet dolor nec, tristique vulputate enim. Etiam a lorem libero. In egestas ultricies convallis. Sed iaculis arcu id justo dapibus pharetra. Maecenas et aliquam eros, sit amet volutpat nisi. Duis feugiat mattis maximus. Nulla sollicitudin lorem vitae neque ultricies efficitur. Sed pulvinar tellus enim, non tincidunt nisl imperdiet quis. Maecenas maximus lorem eu justo tincidunt mollis"}}},"block_order":["1600049089505","1600049113929","1600049126585","1600049137018","1600049150025","1600049160417","1600049170281","1600049181962"],"settings":{"title":"Frequently asked question","subheading":""}},"nov-page-about-us":{"type":"nov-page-about-us","blocks":{"1600139275347":{"type":"image","settings":{"img":"shopify:\/\/shop_images\/about.jpg"}},"1600141333789":{"type":"text","settings":{"title":"Our company","text_content":"<p>Lorem ipsum dolor sit amet, consectetur adipiscing elit. Ut ac ligula et mi semper viverra nec a tellus. Curabitur sed diam quis elit tempus venenatis sit amet a tellus. Sed id lectus laoreet, elementum metus at, sagittis sem. Sed ante velit, eleifend sit amet eros lacinia, lobortis vehicula dui. Vivamus fringilla mauris mauris. Aliquam lectus ligula, porta a rhoncus sit amet, consequat vel nibh. Sed in est venenatis, dictum dui a, consequat quam.<br><\/p>\n<p><br><\/p>\n<p>Etiam consectetur accumsan odio sit amet sagittis. Aliquam erat volutpat. Maecenas eros lacus, commodo id leo ut, ullamcorper varius elit. Proin auctor quam convallis, iaculis odio non, iaculis tortor. In felis tortor, tristique at magna nec, pharetra posuere leo. Praesent ut felis ante. Pellentesque rutrum sed turpis at ornare. Nulla tincidunt enim vitae purus rhoncus pellentesque ut ac ligula. Vivamus vel gravida nulla, quis aliquam est. Proin ultrices semper tortor, at suscipit nibh imperdiet vel. Etiam quis velit viverra nisl lobortis imperdiet quis mollis metus. Integer nec felis at ligula finibus consequat at ut magna. Duis fermentum dignissim metus in pellentesque. Integer viverra iaculis quam vel convallis. Donec et leo non velit pharetra placerat. Donec condimentum enim vitae felis vulputate, non rhoncus leo fringilla.<\/p>","class":"mt-35"}},"1600139586443":{"type":"quote","settings":{"text_content":"<p>I am quote block text, consectetur adipiscing elit. Ut ac ligula et mi semper viverra nec a tellus. Curabitur sed diam quis elit tempus venenatis sit amet a tellus. Sed id lectus laoreet, elementum metus at, sagittis sem. Sed ante velit, eleifend sit amet eros lacinia, lobortis vehicula dui. Vivamus fringilla mauris mauris. Aliquam lectus ligula porta a rhoncus sit amet consequat vel nibh.&nbsp;<\/p>","class":"mt-25 mb-25"}},"1600141399342":{"type":"text","settings":{"title":"Our team","text_content":"<p>Lorem ipsum dolor sit amet, consectetur adipiscing elit. Ut ac ligula et mi semper viverra nec a tellus. Curabitur sed diam quis elit tempus venenatis sit amet a tellus. Sed id lectus laoreet, elementum metus at, sagittis sem. Sed ante velit, eleifend sit amet eros lacinia, lobortis vehicula dui. Vivamus fringilla mauris mauris. Aliquam lectus ligula, porta a rhoncus sit amet, consequat vel nibh. Sed in est venenatis, dictum dui a, consequat quam.<br><\/p>\n<p><br><\/p>\n<p>Etiam consectetur accumsan odio sit amet sagittis. Aliquam erat volutpat. Maecenas eros lacus, commodo id leo ut, ullamcorper varius elit. Proin auctor quam convallis, iaculis odio non, iaculis tortor. In felis tortor, tristique at magna nec, pharetra posuere leo. Praesent ut felis ante. Pellentesque rutrum sed turpis at ornare. Nulla tincidunt enim vitae purus rhoncus pellentesque ut ac ligula. Vivamus vel gravida nulla, quis aliquam est. Proin ultrices semper tortor, at suscipit nibh imperdiet vel. Etiam quis velit viverra nisl lobortis imperdiet quis mollis metus. Integer nec felis at ligula finibus consequat at ut magna. Duis fermentum dignissim metus in pellentesque. Integer viverra iaculis quam vel convallis. Donec et leo non velit pharetra placerat. Donec condimentum enim vitae felis vulputate, non rhoncus leo fringilla.<\/p>","class":"mb-55"}},"1600139715583":{"type":"our_team","settings":{"author":"KwangSang","job":"CEO- Vinova","decs":"<p>Lorem ipsum dolor sit amet, consectetur adipiscing elit. Sed ac pretium metus. Curabi tur velit sem, egestas sit amet dolor nec, tris tique vulputate enim.<\/p>","hotline":"(+612) 2531 5600","email":"sonata@domain.com","show_label":false,"social_twitter_link":"#","social_facebook_link":"#","social_pinterest_link":"#","social_instagram_link":"#","social_dribbble_link":"","social_google_link":"","social_linkedin_link":"","social_tumblr_link":"","social_snapchat_link":"","social_youtube_link":"","social_vimeo_link":"","class":"col-lg-3 col-md-4 col-sm-6 col-xs-12 mb-xs-30"}},"1600139764692":{"type":"our_team","settings":{"author":"Rebecca Jenkins","job":"Developer","decs":"<p>Lorem ipsum dolor sit amet, consectetur adipiscing elit. Sed ac pretium metus. Curabi tur velit sem, egestas sit amet dolor nec, tris tique vulputate enim.<\/p>","hotline":"(+612) 2531 5600","email":"sonata@domain.com","show_label":false,"social_twitter_link":"#","social_facebook_link":"#","social_pinterest_link":"#","social_instagram_link":"#","social_dribbble_link":"","social_google_link":"","social_linkedin_link":"","social_tumblr_link":"","social_snapchat_link":"","social_youtube_link":"","social_vimeo_link":"","class":"col-lg-3 col-md-4 col-sm-6 col-xs-12 mb-xs-30"}},"1600139797724":{"type":"our_team","settings":{"author":"Alex Nguyen","job":"Designer","decs":"<p>Lorem ipsum dolor sit amet, consectetur adipiscing elit. Sed ac pretium metus. Curabi tur velit sem, egestas sit amet dolor nec, tris tique vulputate enim.<\/p>","hotline":"(+612) 2531 5600","email":"sonata@domain.com","show_label":false,"social_twitter_link":"#","social_facebook_link":"#","social_pinterest_link":"#","social_instagram_link":"#","social_dribbble_link":"","social_google_link":"","social_linkedin_link":"","social_tumblr_link":"","social_snapchat_link":"","social_youtube_link":"","social_vimeo_link":"","class":"col-lg-3 col-md-4 col-sm-6 col-xs-12"}},"1600139823748":{"type":"our_team","settings":{"author":"Lucy Watson","job":"Developer","decs":"<p>Lorem ipsum dolor sit amet, consectetur adipiscing elit. Sed ac pretium metus. Curabi tur velit sem, egestas sit amet dolor nec, tris tique vulputate enim.<\/p>","hotline":"(+612) 2531 5600","email":"sonata@domain.com","show_label":false,"social_twitter_link":"#","social_facebook_link":"#","social_pinterest_link":"#","social_instagram_link":"#","social_dribbble_link":"","social_google_link":"","social_linkedin_link":"","social_tumblr_link":"","social_snapchat_link":"","social_youtube_link":"","social_vimeo_link":"","class":"col-lg-3 col-md-4 col-sm-6 col-xs-12 mt-md-30"}}},"block_order":["1600139275347","1600141333789","1600139586443","1600141399342","1600139715583","1600139764692","1600139797724","1600139823748"],"settings":{"title":"","subheading":""}},"1627455200a73a8323":{"type":"nov-slideshow","blocks":{"1627455200a73a8323-1":{"type":"image","settings":{"image":"shopify:\/\/shop_images\/no-text-1_97d351ba-97e8-4fab-9db4-7261cf2e93ed.jpg","wimg":210,"wimg_xs":150,"mbimg":20,"cap_animate_img":"fadeInDown","caption_1":"Fruit For Live Healthy","color_cap1":"#ffffff","fz_cap1_xxl":"48px","fz_cap1_xl":"48px","fz_cap1_lg":"48px","fz_cap1_md":"40px","fz_cap1_sm":"35px","fz_cap1_xs":"30px","fw1":"900","fs1":"italic","let1":0,"line_height1":"1","mb1":25,"cap_animate_1":"fadeInRight","caption_2":"Orange Nova originated in the jungles of Jamaica, are very rare worldwide. <br>\nYou've never tasted anything like them !","color_cap2":"#ffffff","fz_cap2_xxl":"16px","fz_cap2_xl":"16px","fz_cap2_lg":"14px","fz_cap2_md":"14px","fz_cap2_sm":"13px","fz_cap2_xs":"9px","fw2":"700","fs2":"italic","let2":0,"line_height2":"1.5","mb2":0,"cap_animate_2":"fadeInUp","caption_3":"","color_cap3":"#ffffff","fz_cap3_xxl":"","fz_cap3_xl":"14px","fz_cap3_lg":"13px","fz_cap3_md":"12px","fz_cap3_sm":"11px","fz_cap3_xs":"10px","fw3":"600","fs3":"normal","let3":4,"line_height3":"1.5","mb3":0,"cap_animate_3":"fadeInUp","caption_btn":"","slider_link":"#","text_align":"center","width_position_xxl":"100","width_position_xl":"100","width_position_lg":"100","width_position_md":"100","width_position_sm":"100","width_position_xs":"100","left_position_xxl":"0","left_position_xl":"0","left_position_lg":"0","left_position_md":"0","left_position_sm":"0","left_position_xs":"0","top_position_xxl":"20","top_position_xl":"25","top_position_lg":"15","top_position_md":"15","top_position_sm":"15","top_position_xs":"12"}},"55d912eb-9084-49fb-b43b-173863709c7d":{"type":"image","settings":{"image":"shopify:\/\/shop_images\/no-text-2_d481f0bb-952a-4b22-b067-67a35f187481.jpg","mbimg":0,"cap_animate_img":"bounce","caption_1":"APricot Peach","color_cap1":"#ffffff","fz_cap1_xxl":"48px","fz_cap1_xl":"48px","fz_cap1_lg":"48px","fz_cap1_md":"40px","fz_cap1_sm":"35px","fz_cap1_xs":"30px","fw1":"900","fs1":"italic","let1":0,"line_height1":"1.5","mb1":15,"cap_animate_1":"fadeInLeft","caption_2":"Lorem ipsum dolor sit amet, consectetur adipiscing elit, sed do eiusmod tempor incididunt ut labore et dolore magna aliqua. Ut enim ad minim veniam, quis nostrud exercitation ullamco laboris nisi ut aliquip.","color_cap2":"#ffffff","fz_cap2_xxl":"16px","fz_cap2_xl":"16px","fz_cap2_lg":"16px","fz_cap2_md":"14px","fz_cap2_sm":"13px","fz_cap2_xs":"9px","fw2":"700","fs2":"italic","let2":0,"line_height2":"1.5","mb2":0,"cap_animate_2":"fadeInRight","caption_3":"","color_cap3":"#ffffff","fz_cap3_xxl":"14px","fz_cap3_xl":"14px","fz_cap3_lg":"13px","fz_cap3_md":"12px","fz_cap3_sm":"11px","fz_cap3_xs":"10px","fw3":"600","fs3":"normal","let3":4,"line_height3":"1.5","mb3":0,"cap_animate_3":"fadeInUp","caption_btn":"","slider_link":"","text_align":"left","width_position_xxl":"32","width_position_xl":"40","width_position_lg":"545","width_position_md":"50","width_position_sm":"70","width_position_xs":"85","left_position_xxl":"10","left_position_xl":"10","left_position_lg":"5","left_position_md":"5","left_position_sm":"5","left_position_xs":"5","top_position_xxl":"33","top_position_xl":"25","top_position_lg":"20","top_position_md":"20","top_position_sm":"20","top_position_xs":"20"}},"87fbd040-69d3-49cb-9afd-563cb0d3c743":{"type":"image","settings":{"image":"shopify:\/\/shop_images\/no-text-3_815b61b5-1e00-4711-9eef-d2993bdd4716.jpg","wimg_sm":9001008,"mbimg":0,"cap_animate_img":"fadeIn","caption_1":"Powerhouse Vegetables You Should Be Eating","color_cap1":"#ffffff","fz_cap1_xxl":"48px","fz_cap1_xl":"48px","fz_cap1_lg":"40px","fz_cap1_md":"35px","fz_cap1_sm":"30px","fz_cap1_xs":"25px","fw1":"900","fs1":"italic","let1":0,"line_height1":"1.5","mb1":15,"cap_animate_1":"fadeInDown","caption_2":"Lorem ipsum dolor sit amet, consectetur adipiscing elit, sed do eiusmod tempor<br> incididunt ut labore et dolore magna aliqua. Ut enim ad minim veniam","color_cap2":"#ffffff","fz_cap2_xxl":"16px","fz_cap2_xl":"16px","fz_cap2_lg":"16px","fz_cap2_md":"14px","fz_cap2_sm":"13px","fz_cap2_xs":"9px","fw2":"700","fs2":"italic","let2":0,"line_height2":"1.5","mb2":0,"cap_animate_2":"zoomIn","caption_3":"","color_cap3":"#d6949c","fz_cap3_xxl":"","fz_cap3_xl":"12px","fz_cap3_lg":"11px","fz_cap3_md":"10px","fz_cap3_sm":"10px","fz_cap3_xs":"10px","fw3":"600","fs3":"normal","let3":4,"line_height3":"1.5","mb3":0,"cap_animate_3":"fadeIn","caption_btn":"","slider_link":"","text_align":"center","width_position_xxl":"100","width_position_xl":"100","width_position_lg":"100","width_position_md":"100","width_position_sm":"100","width_position_xs":"100","left_position_xxl":"0","left_position_xl":"0","left_position_lg":"0","left_position_md":"0","left_position_sm":"0","left_position_xs":"0","top_position_xxl":"60","top_position_xl":"60","top_position_lg":"55","top_position_md":"50","top_position_sm":"30","top_position_xs":"30"}}},"block_order":["1627455200a73a8323-1","55d912eb-9084-49fb-b43b-173863709c7d","87fbd040-69d3-49cb-9afd-563cb0d3c743"],"settings":{"autoplay":false,"autoplay_speed":"5000","arrows":false,"dots":true,"has_fullwidth":true,"class":"","distance_top":"0","distance_bottom":"0"}},"1637218165052b0e27":{"type":"nov-img-text","blocks":{"a0e98a9f-d18d-45c9-a380-c21f28529338":{"type":"text","settings":{"s1":true,"icon1":"shopify:\/\/shop_images\/leaves_bede3183-15b2-42a5-9885-5597551ed12c.png","t1":"Always fresh","d1":"<p>Lorem ipsum dolor sit amet, consectetur elit, sed do eiusmod tempor incididunt ut labore et dolore magna aliqua.<\/p>","s2":true,"icon2":"shopify:\/\/shop_images\/heath_ff26dec2-aad7-4f82-afd2-822ad05e5161.png","t2":"Super Healthy","d2":"<p>Lorem ipsum dolor sit amet, consectetur elit, sed do eiusmod tempor incididunt ut labore et dolore magna aliqua.<\/p>","s3":false,"t3":"Always fresh","d3":"<p>Lorem ipsum dolor sit amet, consectetur elit, sed do eiusmod tempor incididunt ut labore et dolore magna aliqua.<\/p>","width_xl":"col-xl-4","width_lg":"col-lg-4","width_md":"col-md-4","width_sm":"col-sm-12","width_xs":"col-12","ct_right":false,"class":"pt-65 pt-lg-55"}},"2f81b0ef-44e2-4f8e-bb9a-d69f592acffc":{"type":"image","settings":{"image":"shopify:\/\/shop_images\/112_03_769893fa-0ccb-4757-bdf0-e0420c8b2779.png","width_xl":"col-xl-4","width_lg":"col-lg-4","width_md":"col-md-4","width_sm":"col-sm-12","width_xs":"col-12","m":-125,"m_lg":-125,"m_md":-125,"m_sm":0,"m_xs":0,"class":"mt-sm-40"}},"4c0ecd72-963b-42a8-876c-bcc4d456019d":{"type":"text","settings":{"s1":true,"icon1":"shopify:\/\/shop_images\/tree_deac4877-356e-4442-ad8d-7f313e2da1f9.png","t1":"100% Natural","d1":"<p>Lorem ipsum dolor sit amet, consectetur elit, sed do eiusmod tempor incididunt ut labore et dolore magna aliqua.<\/p>","s2":true,"icon2":"shopify:\/\/shop_images\/hc_b7263177-3674-4b61-bbee-f3b584d040cb.png","t2":"Premium Quality","d2":"<p>Lorem ipsum dolor sit amet, consectetur elit, sed do eiusmod tempor incididunt ut labore et dolore magna aliqua.<\/p>","s3":false,"t3":"Always fresh","d3":"<p>Lorem ipsum dolor sit amet, consectetur elit, sed do eiusmod tempor incididunt ut labore et dolore magna aliqua.<\/p>","width_xl":"col-xl-4","width_lg":"col-lg-4","width_md":"col-md-4","width_sm":"col-sm-12","width_xs":"col-12","ct_right":true,"class":"pt-65 pt-lg-55"}}},"block_order":["a0e98a9f-d18d-45c9-a380-c21f28529338","2f81b0ef-44e2-4f8e-bb9a-d69f592acffc","4c0ecd72-963b-42a8-876c-bcc4d456019d"],"settings":{"heading":"<p><em><strong>Welcome To FreshMart<\/strong><\/em><\/p>","heading_c":"#78b144","subheading":"<p><em>Lorem ipsum dolor sit amet, consectetur adipiscing elit, sed do eiusmod tempor incididunt ut labore et dolore magna aliqua. Ut enim ad minim veniam, quis nostrud exercitation ullamco laboris nisi ut aliquip ex ea commodo consequat<\/em><\/p>","subheading_c":"#666666","title_alignment":"text-center","tt_c":"#222222","desc_c":"#222222","animated":true,"has_fullwidth":false,"background_color":"#f7f6f2","class":"","distance_top":"80px","distance_bottom":"30px"}},"163721817695001609":{"type":"nov-product-deals","blocks":{"3d15f612-fd59-4a91-9387-d2e9c0e934bb":{"type":"productcountdownlist","settings":{"product_handle":"organic-strawberry-fruits-4","countdown_timeend":"2022\/01\/09"}},"e6fa1e2f-c4bf-4b79-a694-a5b861020ebf":{"type":"productcountdownlist","settings":{"product_handle":"organic-strawberry-fruits-13","countdown_timeend":"2022\/01\/07"}},"8ddad2f1-96c8-4fd2-a0c2-1fc5a949680c":{"type":"productcountdownlist","settings":{"product_handle":"organic-strawberry-fruits-6","countdown_timeend":"2022\/01\/06"}},"30bf19b4-da55-4584-b34a-4502df2ab5b3":{"type":"productcountdownlist","settings":{"product_handle":"organic-strawberry-fruits-13","countdown_timeend":"2022\/01\/05"}},"bd61f3f9-b0f9-4a51-8bd7-280721301c11":{"type":"productcountdownlist","settings":{"product_handle":"organic-strawberry-fruits-12","countdown_timeend":"2022\/01\/04"}}},"block_order":["3d15f612-fd59-4a91-9387-d2e9c0e934bb","e6fa1e2f-c4bf-4b79-a694-a5b861020ebf","8ddad2f1-96c8-4fd2-a0c2-1fc5a949680c","30bf19b4-da55-4584-b34a-4502df2ab5b3","bd61f3f9-b0f9-4a51-8bd7-280721301c11"],"settings":{"title":"<p>Deals Of <strong>The Day<\/strong><\/p>","c_title":"#ff7e00","subheading":"<p>LOREM IPSUM DOLOR SIT AMET CONSECTETUR ADIPISCING ELIT EIUSMOD TEMPOR<\/p>","c_subheading":"#968d69","title_alignment":"text-center","grid_number_xxl":3,"grid_number":3,"grid_number_lg":2,"grid_number_md":1,"grid_number_sm":1,"grid_number_xs":1,"show_nav":true,"has_fullwidth":true,"background_color":"","class":"","distance_top":"160px","distance_bottom":"50px"}},"16372185635070aa43":{"type":"nov-collection-tabs","blocks":{"16372185635070aa43-0":{"type":"tabitem","settings":{"tab_title":"All Product","collection_handle":"frontpage"}},"16372185635070aa43-1":{"type":"tabitem","settings":{"icon":"shopify:\/\/shop_images\/1_41117e2f-8a6d-4b34-b378-caa2c1f7767e.png","tab_title":"Vegetables","collection_handle":"vegetables"}},"16372185635070aa43-2":{"type":"tabitem","settings":{"icon":"shopify:\/\/shop_images\/2_87cac1ae-a087-459e-81c3-11ef6de5e4a7.png","tab_title":"Fruits","collection_handle":"fruits"}},"f4594ddb-84a4-4ca4-bae6-26d8f79d21de":{"type":"tabitem","settings":{"icon":"shopify:\/\/shop_images\/4.png","tab_title":"Bread","collection_handle":"bread"}},"5fab0be9-fcac-4f4c-a739-53bbe6cfa495":{"type":"tabitem","settings":{"icon":"shopify:\/\/shop_images\/3_46e9bf7d-7b2e-44e3-bf75-29755eb7f9bf.png","tab_title":"Juices","collection_handle":"juices"}},"5d60adea-ef77-4735-9529-51498dd56e74":{"type":"tabitem","settings":{"icon":"shopify:\/\/shop_images\/5.png","tab_title":"Tea","collection_handle":"tea"}}},"block_order":["16372185635070aa43-0","16372185635070aa43-1","16372185635070aa43-2","f4594ddb-84a4-4ca4-bae6-26d8f79d21de","5fab0be9-fcac-4f4c-a739-53bbe6cfa495","5d60adea-ef77-4735-9529-51498dd56e74"],"settings":{"title":"<p>Best <strong>Sellers<\/strong><\/p>","t_color":"#78b144","subheading":"<p>LOREM IPSUM DOLOR SIT AMET CONSECTETUR ADIPISCING ELIT EIUSMOD TEMPOR<\/p>","st_color":"#968d69","title_alignment":"text-center","grid_number_xxl":6,"grid_number":5,"grid_number_lg":4,"grid_number_md":3,"grid_number_sm":2,"grid_number_xs":2,"row_number":"1","row_mobile":"2","show_nav":true,"show_dot":false,"has_fullwidth":true,"c_nav":"#ffffff","bgi_nav":"shopify:\/\/shop_images\/bg-tab.png","bgi_nav_h":"shopify:\/\/shop_images\/bg-tab-active.png","background_color":"","class":"","distance_top":"30px","distance_bottom":"30px"}},"16372189604fbca534":{"type":"nov-gallery-image","blocks":{"16372189604fbca534-0":{"type":"image","settings":{"image":"shopify:\/\/shop_images\/apple.png","cta_label":"","cta_label2":"","btn_label":"","link":"#","class":""}},"16372189604fbca534-1":{"type":"image","settings":{"image":"shopify:\/\/shop_images\/orange.png","cta_label":"","cta_label2":"","btn_label":"","link":"#","class":""}},"16372189604fbca534-2":{"type":"image","settings":{"image":"shopify:\/\/shop_images\/kiwi.png","cta_label":"","cta_label2":"","btn_label":"","link":"#","class":""}}},"block_order":["16372189604fbca534-0","16372189604fbca534-1","16372189604fbca534-2"],"settings":{"title":"","t_color":"","subheading":"","st_color":"","title_alignment":"text-left","bd_radius":0,"spacing":"0","style_img_1":false,"style_img_2":true,"background_color":"","has_fullwidth":true,"class_section":"","distance_top":"30px","distance_bottom":"50px"}},"1637219747bb10d883":{"type":"nov-products-slider","settings":{"heading":"<p>New <strong>Arrivals<\/strong><\/p>","heading_c":"#78b144","subheading":"<p>LOREM IPSUM DOLOR SIT AMET CONSECTETUR ADIPISCING ELIT EIUSMOD TEMPOR<\/p>","subheading_c":"#968d69","title_alignment":"text-center","collection":"frontpage","type":"list","grid_number":3,"grid_number_lg":3,"grid_number_md":2,"grid_number_sm":1,"grid_number_xs":1,"limit":30,"number_row":"3","row_mobile":"3","show_nav":false,"show_dot":true,"has_fullwidth":false,"b_pro_color":"#e3e0d3","background_color":"","class":"","distance_top":"30px","distance_bottom":"100px"}},"1637220155ba461712":{"type":"nov-testimonials","blocks":{"1637220155ba461712-0":{"type":"quote","settings":{"avatar":"shopify:\/\/shop_images\/img-testimo3_c21dfe5c-9aa9-4186-adb6-c91dc4cfb1d9.png","star":5,"quote":"<p>“Proin gravida nibh vel velit auctor aliquet. Aenean sollicudin, lorem quis bibendum auctor, nisi elit consequat ipsum, nec sagittis sem nibh id elit. Duis sed odio sit amet nibh vultate cursus a sit amet mauris. Proin gravida nibh vel velit <\/p>","name":"WILLIAM JAMES","info_other":"Hairstyle"}},"1637220155ba461712-1":{"type":"quote","settings":{"avatar":"shopify:\/\/shop_images\/img-testimo2_e44ba125-97f2-4348-9902-aefc7de20a02.png","star":5,"quote":"<p>“Proin gravida nibh vel velit auctor aliquet. Aenean sollicudin, lorem quis bibendum auctor, nisi elit consequat ipsum, nec sagittis sem nibh id elit. Duis sed odio sit amet nibh vultate cursus a sit amet mauris. Proin gravida nibh vel velit <\/p>","name":"Kwang Sang","info_other":"Australia"}},"1637220155ba461712-2":{"type":"quote","settings":{"avatar":"shopify:\/\/shop_images\/img-testimo1_32858c2f-f026-4af3-a3e6-6ccf0921de3c.png","star":5,"quote":"<p>“Proin gravida nibh vel velit auctor aliquet. Aenean sollicudin, lorem quis bibendum auctor, nisi elit consequat ipsum, nec sagittis sem nibh id elit. Duis sed odio sit amet nibh vultate cursus a sit amet mauris. Proin gravida nibh vel velit <\/p>","name":"Rebecca Jenkins","info_other":"American"}}},"block_order":["1637220155ba461712-0","1637220155ba461712-1","1637220155ba461712-2"],"settings":{"heading":"","heading_c":"#222222","subheading":"","subheading_c":"#666666","title_alignment":"text-left","show_nav":false,"show_dots":true,"spacing":"","s_star":false,"show_avatar":true,"color_t":"#222222","full_width":false,"background_color":"","background_image":"shopify:\/\/shop_images\/bg_testimonial.png","bg_background_image":"shopify:\/\/shop_images\/bf_testimonial_6f200640-5f02-405d-a191-a33238a18435.png","class":"","distance_top":"0","distance_bottom":"55px"}},"16372204828bc52819":{"type":"nov-collection-list","blocks":{"e0c019e4-9208-4295-8478-8f89b68a76f9":{"type":"tabitem","settings":{"img":"shopify:\/\/shop_images\/fruit.png","title":"Fruits","link_title":"shopify:\/\/collections\/fruits","view_all":true,"text_view_all":"View all","link_view_all":"shopify:\/\/collections\/fruits","link_list":"fruits"}},"51ba937b-ec73-4287-895c-4a107026d2d4":{"type":"tabitem","settings":{"img":"shopify:\/\/shop_images\/vegetables.png","title":"vegetable","link_title":"shopify:\/\/collections\/vegetables","view_all":true,"text_view_all":"View all","link_view_all":"shopify:\/\/collections\/vegetables","link_list":"vegetable"}},"6127955b-86a8-4be3-a1c8-de74f050413d":{"type":"tabitem","settings":{"img":"shopify:\/\/shop_images\/juices.png","title":"juices","link_title":"shopify:\/\/collections\/juices","view_all":true,"text_view_all":"View all","link_view_all":"shopify:\/\/collections\/juices","link_list":"juices"}},"56235139-f545-44a0-abff-9878577fb5ae":{"type":"tabitem","settings":{"img":"shopify:\/\/shop_images\/tea.png","title":"TEA AND COFFEE","link_title":"shopify:\/\/collections\/tea","view_all":true,"text_view_all":"View all","link_view_all":"shopify:\/\/collections\/tea","link_list":"tea-and-coffee"}},"22d51dbf-29c9-4537-a8f7-23d1c63a40db":{"type":"tabitem","settings":{"img":"shopify:\/\/shop_images\/bread.png","title":"Bread","link_title":"shopify:\/\/collections\/bread","view_all":true,"text_view_all":"View all","link_view_all":"shopify:\/\/collections\/bread","link_list":"bread"}}},"block_order":["e0c019e4-9208-4295-8478-8f89b68a76f9","51ba937b-ec73-4287-895c-4a107026d2d4","6127955b-86a8-4be3-a1c8-de74f050413d","56235139-f545-44a0-abff-9878577fb5ae","22d51dbf-29c9-4537-a8f7-23d1c63a40db"],"settings":{"heading":"<p>Shop By <strong>Cagegories<\/strong><\/p>","heading_c":"#78b144","subheading":"<p>DISCOVEROUR PRODUCTS<\/p>","subheading_c":"#968d69","title_alignment":"text-center","grid_number_xxl":5,"grid_number":5,"grid_number_lg":5,"grid_number_md":4,"grid_number_sm":3,"grid_number_xs":2,"has_fullwidth":false,"class":"","distance_top":"85px","distance_bottom":"65px"}},"16372204868e9c880e":{"type":"nov-manufacture","blocks":{"16372204868e9c880e-0":{"type":"logo_image","settings":{"image":"shopify:\/\/shop_images\/mn-1.png","link":"#"}},"16372204868e9c880e-1":{"type":"logo_image","settings":{"image":"shopify:\/\/shop_images\/mn-2.png","link":"#"}},"16372204868e9c880e-2":{"type":"logo_image","settings":{"image":"shopify:\/\/shop_images\/mn-3.png","link":"#"}},"16372204868e9c880e-3":{"type":"logo_image","settings":{"image":"shopify:\/\/shop_images\/mn-4.png","link":"#"}},"16372204868e9c880e-4":{"type":"logo_image","settings":{"image":"shopify:\/\/shop_images\/mn-5.png","link":"#"}},"16372204868e9c880e-5":{"type":"logo_image","settings":{"image":"shopify:\/\/shop_images\/mn-6.png","link":"#"}}},"block_order":["16372204868e9c880e-0","16372204868e9c880e-1","16372204868e9c880e-2","16372204868e9c880e-3","16372204868e9c880e-4","16372204868e9c880e-5"],"settings":{"heading":"","heading_c":"#222222","subheading":"","subheading_c":"#666666","title_alignment":"text-left","number_lg":6,"number_md":6,"number_sm":6,"limit":8,"autoplay":true,"autoplaytimes":"2000","has_fullwidth":false,"icon":"shopify:\/\/shop_images\/foliage-bg-w.png","background_color":"","class":"","distance_top":"30px","distance_bottom":"30px"}},"163722082809b9e0e3":{"type":"nov-blog","settings":{"heading":"<p>Latest <strong>News<\/strong><\/p>","heading_c":"#78b144","subheading":"<p>FROM OUR BLOG<\/p>","subheading_c":"#968d69","title_alignment":"text-center","blog":"news","grid_number":2,"grid_number_lg":2,"grid_number_md":2,"grid_number_sm":2,"limit":8,"spacing":30,"show_image":true,"blog_show_comments":true,"blog_show_author":false,"blog_show_date":true,"blog_show_excerpt":true,"show_view_all":false,"show_dots":false,"show_nav":false,"has_fullwidth":false,"background_color":"","class":"","distance_top":"30px","distance_bottom":"30px"}}},"content_for_index":["1627455200a73a8323","1637218165052b0e27","163721817695001609","16372185635070aa43","16372189604fbca534","1637219747bb10d883","1637220155ba461712","16372204828bc52819","16372204868e9c880e","163722082809b9e0e3"]},"presets":{}}